price,dispaly_res_type,os,processor_brand,connectivity_feature,battery,ram,internal_storgar,mobile_brand,dispaly_size_in_inches,back_camera,front_camera
65999,other,Android 13,other,5,4926,12,128,Google,6.7,50.0,10.8
39999,Full HD+,Android 13,other,5,4300,8,128,Google,6.1,64.0,13.0
39999,Full HD+,Android 13,other,5,4300,8,128,Google,6.1,64.0,13.0
39999,Full HD+,Android 13,other,5,4300,8,128,Google,6.1,64.0,13.0
46999,Full HD+,Android 13,other,5,4270,8,128,Google,6.3,50.0,10.8
46999,Full HD+,Android 13,other,5,4270,8,128,Google,6.3,50.0,10.8
46999,Full HD+,Android 13,other,5,4270,8,128,Google,6.3,50.0,10.8
82999,Full HD+,Android 14,other,5,4575,8,256,Google,6.2,50.0,10.5
75999,Full HD+,Android 14,other,5,4575,8,128,Google,6.2,50.0,10.5
75999,Full HD+,Android 14,other,5,4575,8,128,Google,6.2,50.0,10.5
75999,Full HD+,Android 14,other,5,4575,8,128,Google,6.2,50.0,10.5
75999,Full HD+,Android 14,other,5,4575,8,128,Google,6.2,50.0,10.5
65999,other,Android 13,other,5,4926,12,128,Google,6.7,50.0,10.8
106999,Full HD+ AMOLED Display,Android 14,other,5,5050,12,128,Google,6.7,50.0,10.5
106999,Full HD+ AMOLED Display,Android 14,other,5,5050,12,128,Google,6.7,50.0,10.5
65999,other,Android 13,other,5,4926,12,128,Google,6.7,50.0,10.8
113999,Full HD+ AMOLED Display,Android 14,other,5,5050,12,256,Google,6.7,50.0,10.5
43999,Full HD+,Android 12,other,5,4410,6,128,Google,6.14,12.2,8.0
43999,Full HD+,Android 12,other,5,4410,6,128,Google,6.14,12.2,8.0
80000,Full HD+,other,Snapdragon,4,2915,4,128,Google,5.5,12.2,
12990,Full HD,Android 11,Mediatek,4,4150,8,256,Pluzz,6.3,48.0,25.0
12990,Full HD,Android 11,Mediatek,5,4150,8,128,Pluzz,6.3,48.0,
12990,Full HD,Android 11,Mediatek,4,4150,8,256,Pluzz,6.3,48.0,
19999,Full HD+,other,other,4,3340,4,64,Honor,5.9,16.0,
24785,Full HD+,Android 13,Snapdragon,5,5800,8,256,Honor,6.78,108.0,16.0
27999,Full HD+,Android 13,Snapdragon,5,5800,8,256,Honor,6.78,108.0,16.0
16999,Full HD+,other,other,4,3000,4,64,Honor,5.65,13.0,
13999,Full HD+,other,other,4,3000,3,32,Honor,5.65,13.0,
13999,Full HD+,other,other,4,3000,3,32,Honor,5.65,13.0,
13999,Full HD+,other,other,4,3000,3,32,Honor,5.65,13.0,
18999,Full HD+,other,other,4,3400,6,64,Honor,6.21,13.0,24.0
16999,Full HD+,other,other,4,3400,4,64,Honor,6.21,13.0,24.0
10499,HD,other,other,4,3000,2,16,Honor,5.5,13.0,8.0
35999,Full HD+,other,other,4,3400,6,128,Honor,5.84,24.0,24.0
35999,Full HD+,other,other,4,3400,6,128,Honor,5.84,24.0,24.0
25999,Full HD+,other,other,4,3750,6,64,Honor,6.3,16.0,16.0
25990,Full HD+,other,other,4,3340,6,128,Huawei,6.15,24.0,32.0
17999,Full HD+,other,other,4,3750,4,64,Honor,6.5,20.0,16.0
17999,Full HD+,other,other,4,3750,4,64,Honor,6.5,20.0,16.0
13999,HD,other,other,4,3000,3,32,Honor,5.5,13.0,8.0
10499,HD,other,other,4,3000,2,16,Honor,5.5,13.0,8.0
10499,HD,other,other,4,3000,2,16,Honor,5.5,13.0,8.0
29999,other,other,other,4,4000,6,128,Honor,5.7,12.0,8.0
29999,other,other,other,4,4000,6,128,Honor,5.7,12.0,8.0
13999,Full HD,other,other,4,3340,4,64,Honor,5.5,12.0,8.0
13999,Full HD,other,other,4,3340,4,64,Honor,5.5,12.0,8.0
11999,Full HD,other,other,4,3340,3,32,Honor,5.5,12.0,8.0
14999,Full HD+,other,other,4,3340,4,64,Honor,5.9,16.0,
13999,HD,other,other,4,4000,3,32,Honor,5.5,12.0,8.0
9999,Full HD,other,other,4,3340,3,32,Honor,5.5,12.0,8.0
8999,Full HD,other,other,4,3340,3,32,Honor,5.5,12.0,8.0
7599,HD,other,other,4,3000,3,32,Honor,5.5,13.0,8.0
4400,HD,other,other,4,2200,1,8,Honor,5.0,8.0,2.0
10999,HD,other,other,4,3000,3,32,Honor,5.5,13.0,8.0
19990,Full HD+,other,other,4,4000,4,128,Huawei,6.59,16.0,16.0
19990,Full HD+,other,other,4,4000,4,128,Huawei,6.59,16.0,16.0
16999,Full HD+,other,other,4,3000,4,64,Honor,5.65,13.0,
10000,Full HD+,other,other,4,3000,4,64,Honor,5.65,13.0,
12999,Full HD,other,Snapdragon,4,3000,2,16,Honor,5.5,13.0,5.0
25999,Full HD+,other,other,4,3750,6,64,Honor,6.3,16.0,16.0
16999,Full HD+,other,other,4,3400,4,128,Honor,6.21,24.0,32.0
16999,Full HD+,other,other,4,3400,4,128,Honor,6.21,24.0,32.0
16999,Full HD+,other,other,4,3400,4,128,Honor,6.21,24.0,32.0
21999,Full HD+,other,other,4,3750,4,64,Honor,6.3,16.0,16.0
21999,Full HD+,other,other,4,3750,4,64,Honor,6.3,16.0,16.0
10499,HD,other,Snapdragon,4,3000,2,8,Honor,5.5,13.0,5.0
9999,HD,other,Snapdragon,4,3000,2,8,Honor,5.5,13.0,5.0
9999,HD,other,Snapdragon,4,3000,2,8,Honor,5.5,13.0,5.0
14999,HD+,other,Snapdragon,4,4000,4,64,Honor,6.26,13.0,8.0
14999,HD+,other,Snapdragon,4,4000,4,64,Honor,6.26,13.0,8.0
14500,Full HD+,other,other,4,3340,4,32,Honor,5.93,16.0,8.0
14500,Full HD+,other,other,4,3340,4,32,Honor,5.93,16.0,8.0
19999,Full HD+,other,other,4,4000,6,128,Honor,6.59,48.0,16.0
19999,Full HD+,other,other,4,4000,6,128,Honor,6.59,48.0,16.0
15999,Full HD+,other,other,4,4000,4,128,Honor,6.59,48.0,16.0
13999,Full HD+,other,other,4,3400,3,32,Honor,6.21,13.0,24.0
13999,Full HD+,other,other,4,3400,3,32,Honor,6.21,13.0,24.0
6999,Full HD,other,Snapdragon,4,3000,2,16,Honor,5.5,13.0,5.0
11099,Full HD,other,Mediatek,4,3000,4,64,Honor,5.2,12.0,8.0
14999,Full HD+,other,other,4,3400,4,64,Honor,6.21,13.0,24.0
7499,Full HD,other,Snapdragon,4,3000,2,16,Honor,5.5,13.0,5.0
13999,Full HD+,other,other,4,3400,6,64,Honor,6.21,13.0,24.0
8699,HD+,Android 13,Mediatek,4,5000,8,128,Infinix,6.6,50.0,8.0
7099,HD+,Android 13,Mediatek,4,5000,4,64,Infinix,6.6,50.0,8.0
8699,HD+,Android 13,Mediatek,4,5000,8,128,Infinix,6.6,50.0,8.0
7099,HD+,Android 13,Mediatek,4,5000,4,64,Infinix,6.6,50.0,8.0
7099,HD+,Android 13,Mediatek,4,5000,4,64,Infinix,6.6,50.0,8.0
7099,HD+,Android 13,Mediatek,4,5000,4,64,Infinix,6.6,50.0,8.0
8699,HD+,Android 13,Mediatek,4,5000,8,128,Infinix,6.6,50.0,8.0
8699,HD+,Android 13,Mediatek,4,5000,8,128,Infinix,6.6,50.0,8.0
6399,HD+,Android 13,other,4,5000,3,64,Infinix,6.6,13.0,8.0
6399,HD+,Android 13,other,4,5000,3,64,Infinix,6.6,13.0,8.0
6399,HD+,Android 13,other,4,5000,3,64,Infinix,6.6,13.0,8.0
6399,HD+,Android 13,other,4,5000,3,64,Infinix,6.6,13.0,8.0
7799,HD+,Android 12,other,4,6000,4,128,Infinix,6.6,13.0,5.0
7799,HD+,Android 12,other,4,6000,4,128,Infinix,6.6,13.0,5.0
7799,HD+,Android 12,other,4,6000,4,128,Infinix,6.6,13.0,5.0
7499,HD+,Android 12,other,4,6000,4,64,Infinix,6.6,13.0,5.0
7499,HD+,Android 12,other,4,6000,4,64,Infinix,6.6,13.0,5.0
7499,HD+,Android 12,other,4,6000,4,64,Infinix,6.6,13.0,5.0
6199,HD+,Android 12,other,4,5000,2,64,Infinix,6.6,8.0,5.0
6199,HD+,Android 12,other,4,5000,2,64,Infinix,6.6,8.0,5.0
6199,HD+,Android 12,other,4,5000,2,64,Infinix,6.6,8.0,5.0
6199,HD+,Android 12,other,4,5000,2,64,Infinix,6.6,8.0,5.0
6999,HD+,other,Mediatek,4,3050,2,16,Infinix,5.45,13.0,8.0
7499,HD+,Android 11,Mediatek,4,5000,2,64,Infinix,6.6,8.0,5.0
7499,HD+,Android 11,Mediatek,4,5000,2,64,Infinix,6.6,8.0,5.0
7499,HD+,Android 11,Mediatek,4,5000,2,64,Infinix,6.6,8.0,5.0
6999,HD+,Android 11,Mediatek,4,5000,2,32,Infinix,6.6,8.0,5.0
7199,HD+,Android 11,Mediatek,4,5000,2,32,Infinix,6.52,8.0,8.0
8299,HD+,Android 12,Mediatek,4,5000,3,64,Infinix,6.82,8.0,5.0
8299,HD+,Android 12,Mediatek,4,5000,3,64,Infinix,6.82,8.0,5.0
10999,Full HD+,other,Mediatek,4,4500,3,32,Infinix,5.99,12.0,16.0
7499,HD+,Android 10,Mediatek,4,6000,2,32,Infinix,6.82,13.0,8.0
7499,HD+,Android 10,Mediatek,4,6000,2,32,Infinix,6.82,13.0,8.0
9999,HD+,Android 10,Mediatek,4,6000,3,32,Infinix,6.82,13.0,8.0
9999,HD+,Android 10,Mediatek,4,6000,3,32,Infinix,6.82,13.0,8.0
9999,HD+,Android 10,Mediatek,4,6000,3,32,Infinix,6.82,13.0,8.0
10999,HD+,Android 11,Mediatek,4,6000,6,64,Infinix,6.82,48.0,8.0
7999,HD+,other,Mediatek,4,3500,2,32,Infinix,6.21,13.0,8.0
7999,HD+,other,Mediatek,4,3050,3,32,Infinix,5.45,13.0,8.0
7999,HD+,other,Mediatek,4,3050,3,32,Infinix,5.45,13.0,8.0
7499,HD+,Android 10,Mediatek,4,6000,2,32,Infinix,6.82,13.0,8.0
6499,HD+,Android 10,Mediatek,4,5000,2,32,Infinix,6.1,8.0,5.0
7799,HD+,Android 13,Mediatek,4,6000,4,128,Infinix,6.6,50.0,8.0
7799,HD+,Android 13,Mediatek,4,6000,4,128,Infinix,6.6,50.0,8.0
7799,HD+,Android 13,Mediatek,4,6000,4,128,Infinix,6.6,50.0,8.0
6999,HD+,other,Mediatek,4,3050,2,16,Infinix,5.45,13.0,8.0
6999,HD+,Android 11,Mediatek,4,5000,2,32,Infinix,6.6,8.0,5.0
7499,HD+,Android 11,Mediatek,4,5000,2,64,Infinix,6.6,8.0,5.0
6999,HD+,Android 11,Mediatek,4,5000,2,32,Infinix,6.6,8.0,5.0
7199,HD+,Android 11,Mediatek,4,5000,2,32,Infinix,6.52,8.0,8.0
7499,HD+,Android 10,Mediatek,4,6000,2,32,Infinix,6.82,13.0,8.0
7199,HD+,Android 11,Mediatek,4,5000,2,32,Infinix,6.52,8.0,8.0
10999,HD+,Android 11,Mediatek,4,6000,6,64,Infinix,6.82,48.0,8.0
8299,HD+,Android 12,Mediatek,4,5000,3,64,Infinix,6.82,8.0,5.0
9999,HD+,Android 10,Mediatek,4,6000,3,32,Infinix,6.82,13.0,8.0
7999,HD+,other,Mediatek,4,3500,2,32,Infinix,6.21,13.0,8.0
7999,HD+,other,Mediatek,4,3500,2,32,Infinix,6.21,13.0,8.0
6499,HD+,Android 10,Mediatek,4,5000,2,32,Infinix,6.1,8.0,5.0
7490,HD+,Android 10,Mediatek,4,6000,2,32,Infinix,6.82,13.0,8.0
7490,HD+,Android 10,Mediatek,4,6000,2,32,Infinix,6.82,13.0,8.0
7490,HD+,Android 10,Mediatek,4,6000,2,32,Infinix,6.82,13.0,8.0
11999,HD+,Android 14,Snapdragon,5,5000,8,128,Motorola,6.5,50.0,16.0
11999,HD+,Android 14,Snapdragon,5,5000,8,128,Motorola,6.5,50.0,16.0
13999,Full HD+,Android 13,Mediatek,5,6000,8,128,Motorola,6.5,50.0,16.0
7999,HD+,Android 14,Mediatek,4,6000,4,128,MOTOROLA,6.6,50.0,16.0
13999,Full HD+,Android 13,Mediatek,5,6000,8,128,Motorola,6.5,50.0,16.0
15999,Full HD+,Android 13,Mediatek,5,6000,12,256,Motorola,6.5,50.0,16.0
15999,Full HD+,Android 13,Mediatek,5,6000,12,256,Motorola,6.5,50.0,16.0
17999,Full HD+,Android 13,Snapdragon,5,5000,12,256,Motorola,6.55,50.0,16.0
10999,HD+,Android 14,Snapdragon,5,5000,4,128,Motorola,6.5,50.0,16.0
10999,HD+,Android 14,Snapdragon,5,5000,4,128,Motorola,6.5,50.0,16.0
22999,Full HD+,Android 13,Mediatek,5,5000,8,128,Motorola,6.55,50.0,32.0
7999,HD+,Android 14,Mediatek,4,6000,4,128,MOTOROLA,6.6,50.0,16.0
13999,Full HD+,Android 13,Mediatek,5,6000,8,128,Motorola,6.5,50.0,16.0
10999,HD+,Android 14,Snapdragon,5,5000,4,128,Motorola,6.5,50.0,16.0
6499,HD+,Android 13,other,4,5000,4,64,Motorola,6.5,13.0,5.0
6999,HD+,Android 14,other,4,5000,4,64,MOTOROLA,6.6,16.0,5.0
17999,Full HD+,Android 13,Snapdragon,5,5000,12,256,Motorola,6.55,50.0,16.0
8999,HD+,Android 14,Mediatek,4,6000,8,128,MOTOROLA,6.6,50.0,16.0
8999,HD+,Android 14,Mediatek,4,6000,8,128,MOTOROLA,6.6,50.0,16.0
22999,Full HD+,Android 13,Mediatek,5,5000,8,128,Motorola,6.55,50.0,32.0
7499,HD+,Android 13,other,4,5000,8,128,Motorola,6.5,13.0,5.0
6999,HD+,Android 14,other,4,5000,4,64,MOTOROLA,6.6,16.0,5.0
9999,Full HD+,Android 12,Snapdragon,4,5000,8,128,Motorola,6.5,50.0,16.0
9999,Full HD+,Android 12,Snapdragon,4,5000,8,128,Motorola,6.5,50.0,16.0
15999,Full HD+,Android 13,Mediatek,5,6000,12,256,Motorola,6.5,50.0,16.0
6999,HD+,Android 14,other,4,5000,4,64,MOTOROLA,6.6,16.0,5.0
7999,HD+,Android 14,other,4,5000,8,128,MOTOROLA,6.6,16.0,5.0
7999,HD+,Android 14,other,4,5000,8,128,MOTOROLA,6.6,16.0,5.0
22999,Full HD+,Android 13,Mediatek,5,5000,8,128,Motorola,6.55,50.0,32.0
7999,HD+,Android 14,other,4,5000,8,128,MOTOROLA,6.6,16.0,5.0
7499,HD+,Android 13,other,4,5000,8,128,Motorola,6.5,13.0,5.0
7999,HD+,Android 14,Mediatek,4,6000,4,128,MOTOROLA,6.6,50.0,16.0
9999,Full HD+,Android 12,Snapdragon,4,5000,8,128,Motorola,6.5,50.0,16.0
7999,HD+,Android 14,other,4,5000,8,128,MOTOROLA,6.6,16.0,5.0
8499,Full HD+,Android 13,other,4,5000,4,128,Motorola,6.5,50.0,8.0
8499,Full HD+,Android 13,other,4,5000,4,128,Motorola,6.5,50.0,8.0
6999,HD+,Android 14,other,4,5000,4,64,MOTOROLA,6.6,16.0,5.0
22999,Full HD+,Android 13,Mediatek,5,5000,8,128,Motorola,6.55,50.0,32.0
26999,Full HD+,Android 13,Mediatek,5,4400,8,256,Motorola,6.5,50.0,32.0
9999,Full HD+,Android 12,Snapdragon,4,5000,8,128,Motorola,6.5,50.0,16.0
6499,HD+,Android 13,other,4,5000,4,64,Motorola,6.5,13.0,5.0
26999,Full HD+,Android 13,Mediatek,5,4400,8,256,Motorola,6.5,50.0,32.0
24999,Full HD+,Android 13,Mediatek,5,5000,12,256,Motorola,6.55,50.0,32.0
9999,Full HD+,Android 12,Snapdragon,4,5000,8,128,Motorola,6.5,50.0,16.0
8499,Full HD+,Android 13,other,4,5000,4,128,Motorola,6.5,50.0,8.0
8499,Full HD+,Android 13,other,4,5000,4,128,Motorola,6.5,50.0,8.0
26999,Full HD+,Android 13,Mediatek,5,4400,8,256,Motorola,6.5,50.0,32.0
6499,HD+,Android 13,other,4,5000,4,64,Motorola,6.5,13.0,5.0
7499,HD+,Android 13,other,4,5000,8,128,Motorola,6.5,13.0,5.0
8999,HD+,Android 13,Mediatek,4,5000,4,128,Motorola,6.5,50.0,8.0
7999,HD+,Android 10,Snapdragon,4,5000,4,64,Motorola,6.5,48.0,8.0
7499,HD+,Android 12,Mediatek,4,5000,4,64,Motorola,6.5,50.0,8.0
26999,Full HD+,Android 13,Mediatek,5,4400,8,256,Motorola,6.5,50.0,32.0
14999,Full HD+,Android 11,Snapdragon,4,6000,6,128,Motorola,6.78,108.0,32.0
14999,Full HD+,Android 11,Snapdragon,4,6000,6,128,Motorola,6.8,108.0,32.0
7580,HD+,Android 10,Snapdragon,4,5000,4,64,Motorola,6.5,48.0,8.0
15999,Full HD+,Android 11,Snapdragon,4,6000,6,128,Motorola,6.78,108.0,32.0
12999,Full HD+,Android 11,Mediatek,4,5000,6,128,Motorola,6.4,50.0,13.0
7499,HD+,other,Mediatek,4,5000,4,64,MOTOROLA,6.5,16.0,8.0
16999,Full HD+,Android 12,Mediatek,4,5000,6,128,Motorola,6.55,108.0,16.0
10999,Full HD+,Android 12,Snapdragon,4,5000,4,64,Motorola,6.5,50.0,16.0
16999,Full HD+,Android 12,Mediatek,4,5000,6,128,Motorola,6.55,108.0,16.0
10999,HD+,Android 12,Mediatek,4,5000,4,64,Motorola,6.5,50.0,16.0
10999,Full HD+,Android 12,Snapdragon,4,5000,4,64,Motorola,6.5,50.0,16.0
10999,HD+,Android 12,Mediatek,4,5000,4,64,Motorola,6.5,50.0,16.0
34999,Full HD+,Android 12,Snapdragon,5,4400,8,128,Motorola,6.55,50.0,32.0
10999,HD+,Android 12,Mediatek,4,5000,4,64,Motorola,6.5,50.0,16.0
14990,Full HD+,Android 11,Snapdragon,4,6000,4,64,Motorola,6.78,64.0,16.0
7490,HD+,Android 12,Mediatek,4,5000,4,64,Motorola,6.5,16.0,8.0
13999,Full HD+,Android 12,Snapdragon,4,5000,6,128,Motorola,6.6,50.0,16.0
24999,Full HD+,Android 12,Snapdragon,5,4020,6,128,Motorola,6.55,50.0,32.0
13999,Full HD+,Android 12,Snapdragon,4,5000,6,128,Motorola,6.6,50.0,16.0
7499,HD+,other,Mediatek,4,5000,4,64,MOTOROLA,6.5,16.0,8.0
21450,Full HD+,Android 11,Mediatek,5,5000,6,128,Motorola,6.67,108.0,32.0
26999,Full HD+,Android 12,Snapdragon,5,4020,8,128,Motorola,6.55,50.0,32.0
18999,Full HD+,Android 11,Mediatek,5,5000,6,128,Motorola,6.67,108.0,32.0
7899,HD+,Android 10,Mediatek,4,5000,4,64,Motorola,6.51,13.0,5.0
9999,Full HD+,other,Exynos,4,3500,4,128,Motorola,6.3,12.0,12.0
12499,HD+,Android 11,Snapdragon,4,5000,4,64,Motorola,6.51,64.0,13.0
13890,Full HD+,Android 11,Snapdragon,5,5000,4,64,Motorola,6.8,50.0,13.0
10999,HD+,Android 12,Mediatek,4,5000,4,64,Motorola,6.5,50.0,16.0
10999,Full HD+,Android 12,Snapdragon,4,5000,4,64,Motorola,6.6,50.0,16.0
24999,Full HD+,Android 10,Snapdragon,5,5000,6,128,MOTOROLA,6.67,48.0,16.0
8990,HD+,Android 11,other,4,5000,4,64,Motorola,6.5,48.0,8.0
26999,Full HD+,Android 12,Snapdragon,5,4020,8,128,Motorola,6.55,50.0,32.0
12999,Full HD+,Android 11,Snapdragon,4,6000,6,128,Motorola,6.78,64.0,16.0
9998,HD+,Android 11,Snapdragon,4,5000,4,64,Motorola,6.51,64.0,13.0
7490,HD+,Android 12,Mediatek,4,5000,4,64,Motorola,6.5,16.0,8.0
149999,other,Android 10,Snapdragon,4,2510,6,128,Motorola,6.2,16.0,5.0
20999,Full HD+,Android 11,Snapdragon,5,4000,8,128,Motorola,6.7,108.0,32.0
9999,HD,other,Mediatek,4,5000,3,32,MOTOROLA,5.5,13.0,5.0
9999,HD,other,Mediatek,4,5000,3,32,MOTOROLA,5.5,13.0,5.0
9999,HD,other,Mediatek,4,5000,3,32,MOTOROLA,5.5,13.0,5.0
16999,Full HD+ AMOLED Display,Android 11,Snapdragon,5,5000,6,128,MOTOROLA,6.4,50.0,16.0
34999,Full HD+ AMOLED Display,Android 12,Snapdragon,5,4800,8,128,Motorola,6.417,50.0,60.0
12999,Full HD+,Android 11,Snapdragon,4,6000,6,128,Motorola,6.78,64.0,16.0
9999,HD+,Android 11,Snapdragon,4,6000,4,64,Motorola,6.51,48.0,8.0
9999,HD+,Android 11,Snapdragon,4,6000,4,64,Motorola,6.51,48.0,8.0
15999,Full HD+,other,Snapdragon,4,4000,4,64,MOTOROLA,6.3,48.0,25.0
34999,Full HD+,Android 12,Snapdragon,5,4400,8,128,Motorola,6.55,50.0,32.0
13999,Full HD+,Android 12,Snapdragon,4,5000,6,128,Motorola,6.6,50.0,16.0
24999,Full HD+,Android 10,Snapdragon,5,5000,6,128,MOTOROLA,6.67,48.0,16.0
11999,Full HD+,Android 11,Mediatek,4,5000,4,64,Motorola,6.4,50.0,13.0
20999,Full HD+,Android 11,Mediatek,5,5000,8,128,Motorola,6.67,108.0,32.0
20999,Full HD+,Android 11,Mediatek,5,5000,8,128,Motorola,6.693,108.0,32.0
10990,Full HD+,Android 11,Mediatek,4,5000,4,64,Motorola,6.4,50.0,13.0
14999,Full HD+,Android 11,Snapdragon,5,5000,4,64,Motorola,6.8,50.0,13.0
16999,Full HD+ AMOLED Display,Android 11,Snapdragon,5,5000,6,128,MOTOROLA,6.4,50.0,16.0
6999,HD,other,Mediatek,4,4000,2,16,MOTOROLA,5.0,8.0,2.0
10999,Full HD+,Android 11,Snapdragon,4,6000,4,64,Motorola,6.78,64.0,16.0
34999,Full HD+ AMOLED Display,Android 12,Snapdragon,5,4800,8,128,Motorola,6.417,50.0,60.0
16999,Full HD,other,Snapdragon,4,3000,4,32,MOTOROLA,5.2,12.0,5.0
20999,Full HD+,Android 11,Snapdragon,5,4000,8,128,Motorola,6.7,108.0,32.0
24999,Full HD+,Android 13,Mediatek,5,5000,12,256,Motorola,6.55,50.0,32.0
7499,HD+,Android 12,Mediatek,4,5000,4,64,Motorola,6.5,50.0,8.0
7499,HD+,Android 13,other,4,5000,8,128,Motorola,6.5,13.0,5.0
17999,Full HD+,Android 10,Snapdragon,4,5000,6,128,Motorola,6.5,64.0,16.0
24999,Full HD+,Android 13,Mediatek,5,5000,12,256,Motorola,6.55,50.0,32.0
10999,Full HD+,Android 12,Snapdragon,5,5000,6,128,Motorola,6.55,50.0,16.0
7499,HD+,Android 13,other,4,5000,8,128,Motorola,6.5,13.0,5.0
7499,HD+,Android 12,Mediatek,4,5000,4,64,Motorola,6.5,50.0,8.0
8990,HD+,Android 11,other,4,5000,4,64,Motorola,6.5,48.0,8.0
11999,Full HD+,Android 11,Mediatek,4,5000,6,128,Motorola,6.4,50.0,13.0
5999,HD+,Android 13,other,4,5000,2,64,Motorola,6.5,13.0,5.0
24999,Full HD+,Android 13,Mediatek,5,5000,12,256,Motorola,6.55,50.0,32.0
34999,Full HD+,Android 12,Snapdragon,5,4400,8,128,Motorola,6.55,50.0,32.0
10999,Full HD+,Android 12,Snapdragon,4,5000,4,64,Motorola,6.47,50.0,16.0
11999,Full HD+,Android 12,Snapdragon,4,5000,4,64,Motorola,6.47,50.0,
29999,Full HD+,Android 11,Snapdragon,5,4500,8,128,Motorola,6.7,108.0,32.0
9099,HD+,Android 12,Mediatek,4,5000,4,64,Motorola,6.5,16.0,8.0
13999,Full HD+,Android 12,Snapdragon,5,5000,6,128,MOTOROLA,6.6,50.0,16.0
5999,HD+,Android 13,other,4,5000,2,64,Motorola,6.5,13.0,5.0
13990,Full HD+,other,Snapdragon,4,5000,4,64,MOTOROLA,6.2,16.0,12.0
10999,Full HD+,Android 12,Snapdragon,5,5000,6,128,Motorola,6.55,50.0,16.0
12999,Full HD+,Android 13,Mediatek,5,5000,8,128,Motorola,6.5,50.0,16.0
6999,HD+,Android 10,Mediatek,4,5000,2,32,Motorola,6.51,13.0,5.0
11999,HD+,Android 10,Snapdragon,4,6000,4,64,Motorola,6.78,64.0,16.0
21999,Full HD+,other,Exynos,4,3500,4,128,MOTOROLA,6.3,48.0,25.0
14999,Full HD+,Android 11,Snapdragon,4,6000,6,128,Motorola,6.78,108.0,32.0
11999,Full HD+,Android 12,Snapdragon,5,5000,8,128,Motorola,16.51,50.0,16.0
7499,HD+,other,Mediatek,4,3000,4,64,MOTOROLA,6.1,13.0,8.0
9499,HD+,Android 13,Mediatek,4,5000,4,64,Motorola,6.5,50.0,8.0
15999,Full HD+,other,Snapdragon,4,3000,4,64,MOTOROLA,5.7,12.0,16.0
8999,HD+,Android 10,Mediatek,4,5000,4,64,Motorola,6.51,13.0,5.0
6999,HD+,Android 10,Mediatek,4,5000,2,32,Motorola,6.51,13.0,5.0
7499,HD+,other,Mediatek,4,3000,4,64,MOTOROLA,6.1,13.0,8.0
27999,Full HD+,Android 11,Snapdragon,5,4000,8,128,Motorola,6.7,108.0,32.0
9999,Full HD+ AMOLED Display,Android 12,Snapdragon,4,5000,4,64,Motorola,6.402,50.0,16.0
10999,Full HD+,Android 12,Snapdragon,4,5000,4,64,Motorola,6.6,50.0,16.0
29999,Full HD+,Android 11,Snapdragon,5,4500,8,128,Motorola,6.7,108.0,32.0
7990,HD+,Android 12,Mediatek,4,5000,4,64,Motorola,6.5,16.0,8.0
39999,Full HD+,Android 12,Snapdragon,5,4610,12,256,Motorola,6.67,200.0,60.0
39999,Full HD+,Android 12,Snapdragon,5,4610,12,256,Motorola,6.67,200.0,60.0
16999,Full HD+,Android 10,Snapdragon,4,5000,6,128,Motorola,6.5,64.0,16.0
6990,HD+,Android 12,Mediatek,4,5000,3,32,Motorola,6.5,16.0,
6990,HD+,Android 12,Mediatek,4,5000,3,32,Motorola,6.5,16.0,8.0
13999,Full HD+,Android 12,Snapdragon,5,5000,6,128,MOTOROLA,6.6,50.0,16.0
34999,Full HD+,Android 12,Snapdragon,5,4610,8,128,Motorola,6.67,200.0,60.0
11999,Full HD+,Android 12,Snapdragon,5,5000,8,128,Motorola,16.51,50.0,16.0
5999,HD+,Android 13,other,4,5000,2,64,Motorola,6.5,13.0,5.0
8999,HD+,Android 13,Mediatek,4,5000,4,128,Motorola,6.5,50.0,8.0
9999,Full HD+ AMOLED Display,Android 12,Snapdragon,4,5000,4,64,Motorola,6.402,50.0,16.0
6499,HD,other,Mediatek,4,4000,2,16,MOTOROLA,5.0,8.0,2.0
9990,HD+,other,Snapdragon,4,5000,3,32,MOTOROLA,6.0,12.0,5.0
14999,Full HD+,Android 12,Snapdragon,5,5000,8,128,MOTOROLA,6.6,50.0,16.0
5999,HD,other,Mediatek,4,4000,2,16,MOTOROLA,5.0,8.0,2.0
16999,HD,other,Snapdragon,4,2470,2,16,Virat,5.0,13.0,5.0
30999,Full HD+,Android 13,Mediatek,5,5000,8,128,OnePlus,6.74,50.0,
31990,other,Android 10,Snapdragon,5,4300,8,128,OnePlus,6.55,48.0,16.0
25990,other,Android 11,Snapdragon,5,4500,12,256,OnePlus,6.43,64.0,
32980,other,Android 10,Snapdragon,5,4300,8,128,OnePlus,6.55,48.0,16.0
32990,other,Android 10,Snapdragon,5,4300,12,256,OnePlus,6.55,48.0,
21999,Full HD+,Android 10,Snapdragon,5,4115,12,256,OnePlus,6.44,48.0,
22999,Full HD+,Android 10,Snapdragon,5,4115,12,256,OnePlus,6.44,48.0,
22999,Full HD+,Android 10,Snapdragon,5,4115,12,256,OnePlus,6.44,48.0,32.0
37999,Full HD,other,Snapdragon,4,3300,8,128,OnePlus,5.5,16.0,16.0
32999,other,Android 10,Snapdragon,4,4085,8,256,OnePlus,6.67,48.0,
37999,Full HD+,Android 10,Snapdragon,5,4510,12,256,OnePlus,6.78,48.0,16.0
39890,Full HD+,Android 10,Snapdragon,4,4510,8,128,OnePlus,6.78,48.0,16.0
39990,Full HD+,Android 10,Snapdragon,4,4510,8,128,OnePlus,6.78,48.0,16.0
22999,Full HD+,Android 10,Snapdragon,5,4115,12,256,OnePlus,6.44,48.0,32.0
37999,Full HD,other,Snapdragon,4,3300,8,128,OnePlus,5.5,16.0,16.0
32999,other,Android 10,Snapdragon,4,4085,8,256,OnePlus,6.67,48.0,
37999,Full HD+,Android 10,Snapdragon,5,4510,12,256,OnePlus,6.78,48.0,16.0
9999,HD+,Android 12,Mediatek,4,5000,4,64,OPPO,6.56,50.0,5.0
13999,HD+,Android 13,Mediatek,5,5000,4,128,OPPO,6.56,13.0,8.0
12999,Full HD+,Android 13,Mediatek,4,5000,6,128,OPPO,6.72,50.0,8.0
13999,HD+,Android 13,Mediatek,5,5000,4,128,OPPO,6.56,13.0,8.0
29999,Full HD+,Android 14,Mediatek,5,5000,8,128,OPPO,6.7,50.0,32.0
29999,Full HD+,Android 14,Mediatek,5,5000,8,128,OPPO,6.7,50.0,32.0
12999,Full HD+,Android 13,Mediatek,4,5000,6,128,OPPO,6.72,50.0,8.0
31999,Full HD+,Android 14,Mediatek,5,5000,8,256,OPPO,6.7,50.0,32.0
31999,Full HD+,Android 14,Mediatek,5,5000,8,256,OPPO,6.7,50.0,32.0
9999,HD+,Android 13,Mediatek,4,5000,4,64,OPPO,6.56,8.0,5.0
8499,HD+,Android 12,Mediatek,4,5000,3,64,OPPO,6.56,8.0,5.0
10499,HD+,Android 13,Mediatek,4,5000,4,128,OPPO,6.56,8.0,5.0
10499,HD+,Android 13,Mediatek,4,5000,4,128,OPPO,6.56,8.0,5.0
9999,HD+,Android 13,Mediatek,4,5000,4,64,OPPO,6.56,8.0,5.0
8499,HD+,Android 12,Mediatek,4,5000,3,64,OPPO,6.56,8.0,5.0
10999,HD,Android 13,Mediatek,4,5000,4,128,OPPO,6.56,50.0,5.0
32999,Full HD+,Android 13,Mediatek,5,5000,8,256,OPPO,6.7,64.0,32.0
25999,Full HD+,Android 14,Mediatek,5,5000,8,256,OPPO,6.7,64.0,32.0
23999,Full HD+,Android 14,Mediatek,5,5000,8,128,OPPO,6.7,64.0,32.0
32999,Full HD+,Android 13,Mediatek,5,5000,8,256,OPPO,6.7,64.0,32.0
39999,Full HD+,Android 14,Mediatek,5,4600,12,256,OPPO,6.7,50.0,32.0
17490,Full HD+,Android 12,Snapdragon,4,4500,8,128,OPPO,6.43,64.0,32.0
9999,HD+,Android 12,Mediatek,4,5000,4,64,OPPO,6.56,50.0,5.0
10999,HD,Android 13,Mediatek,4,5000,4,128,OPPO,6.56,50.0,5.0
17490,Full HD+,Android 12,Snapdragon,4,4500,8,128,OPPO,6.43,64.0,32.0
39999,Full HD+,Android 14,Mediatek,5,4600,12,256,OPPO,6.7,50.0,32.0
15499,Full HD+ AMOLED Display,Android 13,Snapdragon,4,5000,8,128,OPPO,6.43,50.0,8.0
17999,HD+,Android 13,Mediatek,5,5000,8,128,OPPO,6.56,50.0,8.0
37999,Full HD+,Android 13,Snapdragon,5,4600,12,256,OPPO,6.7,50.0,32.0
22999,Full HD+,Android 13,Snapdragon,5,5000,8,256,OPPO,6.72,64.0,32.0
37999,Full HD+,Android 13,Snapdragon,5,4600,12,256,OPPO,6.7,50.0,32.0
22999,Full HD+,Android 13,Snapdragon,5,5000,8,256,OPPO,6.72,64.0,32.0
15499,Full HD+ AMOLED Display,Android 13,Snapdragon,4,5000,8,128,OPPO,6.43,50.0,8.0
12999,Full HD+,Android 13,Mediatek,4,5000,6,128,OPPO,6.72,50.0,8.0
17999,HD+,Android 13,Mediatek,5,5000,8,128,OPPO,6.56,50.0,8.0
15350,HD+,Android 13,Mediatek,5,5000,6,128,OPPO,6.56,13.0,8.0
11490,HD+,Android 12,Mediatek,4,5000,4,64,OPPO,6.56,50.0,8.0
9999,HD+,Android 10,Snapdragon,4,5000,3,32,OPPO,6.5,13.0,8.0
21999,Full HD+,Android 12,Snapdragon,4,4500,8,128,OPPO,6.43,64.0,32.0
12499,HD+,Android 11,Mediatek,4,5000,4,64,OPPO,6.51,50.0,16.0
18990,HD,other,Snapdragon,4,5000,4,128,OPPO,6.52,48.0,16.0
16999,Full HD+,Android 11,Snapdragon,4,5000,8,128,OPPO,6.59,50.0,16.0
19999,HD+,Android 12,Mediatek,4,5000,4,128,OPPO,6.56,50.0,8.0
22990,Full HD+,Android 11,Snapdragon,4,5000,6,128,OPPO,6.43,48.0,16.0
54999,Full HD+,Android 13,Snapdragon,5,4700,12,256,OPPO,6.74,50.0,32.0
54999,Full HD+,Android 13,Snapdragon,5,4700,12,256,OPPO,6.74,50.0,32.0
13989,HD+,Android 12,Mediatek,4,5000,4,64,OPPO,6.56,13.0,8.0
12499,HD+,Android 11,Mediatek,4,5000,4,64,OPPO,6.51,50.0,16.0
21999,Full HD+,Android 12,Snapdragon,4,4500,8,128,OPPO,6.43,64.0,32.0
22868,other,Android 11,Snapdragon,5,4500,8,128,OPPO,6.43,64.0,
22995,other,Android 11,Snapdragon,5,4500,8,128,OPPO,6.43,64.0,
12998,HD+,Android 11,Mediatek,4,5000,4,64,OPPO,6.51,50.0,16.0
22999,HD+,Android 12,Snapdragon,4,5000,8,128,OPPO,6.56,50.0,8.0
22999,HD+,Android 12,Snapdragon,4,5000,8,128,OPPO,6.56,50.0,8.0
8985,HD+,Android 11,Mediatek,4,4230,3,32,OPPO,6.52,13.0,5.0
8999,HD+,Android 11,Mediatek,4,4230,3,32,OPPO,6.52,13.0,5.0
94999,Full HD,Android 13,Mediatek,5,4300,12,256,OPPO,6.8,50.0,32.0
12250,HD+,Android 11,Mediatek,4,5000,4,64,OPPO,6.52,13.0,8.0
15990,HD+,Android 11,Mediatek,4,5000,4,64,OPPO,6.52,13.0,8.0
15490,HD+,Android 11,Snapdragon,4,5000,6,128,OPPO,6.56,13.0,8.0
18999,Full HD+,Android 11,Snapdragon,4,5000,6,128,OPPO,6.59,50.0,16.0
94999,Full HD,Android 13,Mediatek,5,4300,12,256,OPPO,6.8,50.0,32.0
8640,HD+,Android 10,Mediatek,4,4230,3,32,OPPO,6.52,13.0,5.0
13800,HD+,Android 10,Mediatek,4,5000,4,64,OPPO,6.51,13.0,16.0
14990,HD+,Android 10,Mediatek,4,5000,4,64,OPPO,6.51,13.0,16.0
12499,HD+,Android 12,Mediatek,4,5000,4,64,OPPO,6.56,50.0,5.0
18999,Full HD+,Android 11,Snapdragon,4,5000,6,128,OPPO,6.59,50.0,16.0
10990,HD+,other,Mediatek,4,4230,2,32,OPPO,6.22,13.0,5.0
9490,HD+,Android 11,Mediatek,4,4230,4,64,OPPO,6.52,13.0,5.0
14490,HD+,Android 11,Snapdragon,4,5000,6,128,OPPO,6.56,13.0,8.0
25990,Full HD+,Android 11,Mediatek,4,4310,8,256,OPPO,6.43,48.0,16.0
25999,HD+,Android 12,Mediatek,5,5000,8,128,OPPO,6.56,48.0,8.0
16390,Full HD+,Android 11,Mediatek,4,4310,8,128,OPPO,6.43,48.0,16.0
13899,HD+,Android 11,Mediatek,4,5000,4,128,OPPO,6.51,50.0,16.0
15399,Full HD+,Android 11,Mediatek,4,4310,8,128,OPPO,6.43,48.0,16.0
13700,HD+,Android 11,Mediatek,4,5000,4,128,OPPO,6.51,50.0,16.0
13989,HD+,Android 12,Mediatek,4,5000,4,64,OPPO,6.56,13.0,8.0
11998,HD+,Android 12,Mediatek,4,5000,4,64,OPPO,6.56,13.0,8.0
25999,HD+,Android 12,Mediatek,5,5000,8,128,OPPO,6.56,48.0,8.0
15990,HD+,Android 10,Mediatek,4,5000,4,128,OPPO,6.51,13.0,16.0
38999,Full HD+,Android 13,Snapdragon,5,4800,8,128,OPPO,6.7,108.0,32.0
38999,Full HD+,Android 13,Snapdragon,5,4800,8,128,OPPO,6.7,108.0,32.0
13490,HD,other,Mediatek,4,3000,3,16,OPPO,5.2,13.0,5.0
89999,Full HD+,Android 13,Mediatek,5,4300,8,256,OPPO,6.8,50.0,32.0
29990,Full HD+,Android 11,Mediatek,5,4310,8,128,OPPO,6.43,48.0,16.0
74990,Full HD+,Android 13,Mediatek,5,4300,8,256,OPPO,6.8,50.0,32.0
36999,Full HD+ AMOLED Display,Android 12,Mediatek,5,4500,12,256,OPPO,6.7,50.0,32.0
10990,HD+,other,Mediatek,4,4230,3,32,OPPO,6.22,13.0,5.0
37805,Full HD+ AMOLED Display,Android 12,Mediatek,5,4500,12,256,OPPO,6.7,50.0,32.0
38999,Full HD,Android 12,Mediatek,5,4500,8,128,OPPO,6.43,50.0,32.0
11990,HD+,other,Mediatek,4,4230,4,64,OPPO,6.22,13.0,5.0
11990,HD+,other,Mediatek,4,4230,4,64,OPPO,6.22,13.0,5.0
10990,HD+,other,Mediatek,4,4230,3,32,OPPO,6.22,13.0,5.0
9990,HD+,other,Mediatek,4,4230,3,32,OPPO,6.22,13.0,5.0
38990,Full HD+,Android 11,Mediatek,5,4350,8,128,OPPO,6.55,64.0,32.0
9990,HD+,other,Snapdragon,4,4230,2,16,OPPO,6.2,13.0,8.0
28990,Full HD+,Android 11,Mediatek,5,4350,8,128,OPPO,6.55,64.0,32.0
10990,HD+,other,Mediatek,4,4230,3,32,OPPO,6.22,13.0,5.0
17990,HD+,Android 10,Mediatek,4,5000,6,128,OPPO,6.51,13.0,16.0
16990,HD+,Android 11,Mediatek,5,5000,6,128,OPPO,6.52,13.0,8.0
18990,HD+,Android 11,Mediatek,5,5000,8,128,OPPO,6.52,13.0,8.0
18990,HD+,Android 11,Mediatek,5,5000,8,128,OPPO,6.52,13.0,8.0
25990,Full HD+,Android 10,Mediatek,4,4015,8,128,OPPO,6.43,48.0,
16990,HD+,Android 11,Mediatek,5,5000,6,128,OPPO,6.52,13.0,8.0
35990,Full HD+,Android 11,Mediatek,5,4300,8,128,OPPO,6.43,64.0,32.0
35990,Full HD+,Android 11,Mediatek,5,4300,8,128,OPPO,6.43,64.0,32.0
12250,HD+,Android 11,Mediatek,4,5000,4,64,OPPO,6.52,13.0,8.0
25990,Full HD+,Android 10,Mediatek,4,4015,8,128,OPPO,6.43,48.0,
37990,Full HD,Android 11,Mediatek,5,4500,8,256,OPPO,6.43,64.0,32.0
25990,Full HD+,Android 10,Mediatek,4,4015,8,128,OPPO,6.43,48.0,
21990,Full HD+,other,Mediatek,4,3500,4,64,OPPO,6.3,16.0,16.0
17990,Full HD+,other,Mediatek,4,3200,3,32,OPPO,6.0,13.0,16.0
15990,HD+,other,Snapdragon,4,4230,4,64,OPPO,6.2,13.0,8.0
15049,Full HD+,Android 10,Snapdragon,4,5000,4,128,OPPO,6.5,12.0,16.0
18990,HD,other,Snapdragon,4,5000,4,128,OPPO,6.52,48.0,16.0
15990,HD+,Android 10,Snapdragon,4,5000,4,64,OPPO,6.5,13.0,16.0
17990,HD+,Android 10,Snapdragon,4,5000,6,128,OPPO,6.5,13.0,16.0
15990,HD+,other,Mediatek,4,4230,4,64,OPPO,6.2,13.0,8.0
12990,HD+,other,Mediatek,4,4230,2,32,OPPO,6.2,13.0,8.0
12990,HD+,other,Mediatek,4,4230,2,32,OPPO,6.2,13.0,8.0
15990,HD+,Android 10,Snapdragon,4,5000,4,64,OPPO,6.5,13.0,16.0
22990,Full HD+,other,Mediatek,4,4000,8,128,OPPO,6.4,48.0,16.0
22990,Full HD+,other,Mediatek,4,4000,8,128,OPPO,6.4,48.0,16.0
22990,Full HD+,other,Mediatek,4,4000,8,128,OPPO,6.4,48.0,16.0
20990,Full HD+,other,Mediatek,4,4000,4,128,OPPO,6.4,48.0,16.0
46990,Full HD+,Android 11,Mediatek,5,4500,12,256,OPPO,6.55,64.0,32.0
14880,HD+,Android 13,Mediatek,5,5000,6,128,OPPO,6.56,13.0,8.0
8499,HD+,Android 11,Mediatek,4,4230,3,32,OPPO,6.52,13.0,5.0
18999,Full HD+,Android 10,Snapdragon,4,4015,6,128,OPPO,6.44,16.0,16.0
8499,HD+,Android 12,Mediatek,4,5000,3,64,OPPO,6.56,8.0,5.0
25999,Full HD+,Android 14,Mediatek,5,5000,8,256,OPPO,6.7,64.0,32.0
20990,Full HD+,Android 11,Snapdragon,4,5000,6,128,OPPO,6.43,48.0,16.0
22990,Full HD+,Android 11,Snapdragon,4,5000,6,128,OPPO,6.43,48.0,16.0
23999,Full HD+,Android 11,Snapdragon,4,5000,8,128,OPPO,6.59,50.0,16.0
18990,HD+,Android 11,Mediatek,4,5000,4,128,OPPO,6.51,50.0,16.0
18990,HD+,Android 11,Mediatek,4,5000,4,64,OPPO,6.51,50.0,16.0
20990,Full HD+,Android 11,Snapdragon,4,5000,6,128,OPPO,6.43,48.0,16.0
20990,Full HD+,Android 11,Snapdragon,4,5000,6,128,OPPO,6.43,48.0,16.0
20990,Full HD+,Android 11,Snapdragon,4,5000,6,128,OPPO,6.43,48.0,16.0
15999,other,other,Mediatek,4,4020,4,128,OPPO,6.53,48.0,16.0
23990,other,other,Mediatek,4,4020,6,128,OPPO,6.53,48.0,16.0
21990,other,other,Mediatek,4,4020,4,128,OPPO,6.53,48.0,16.0
14990,HD+,Android 10,Mediatek,4,5000,4,64,OPPO,6.51,13.0,16.0
8999,HD+,Android 11,Mediatek,4,4230,3,32,OPPO,6.52,13.0,5.0
25990,Full HD+,Android 11,Mediatek,4,4310,8,256,OPPO,6.43,48.0,16.0
34000,other,Android 10,Mediatek,4,4025,8,256,OPPO,6.4,64.0,
25970,other,Android 10,Mediatek,4,4025,8,256,OPPO,6.4,64.0,
23990,Full HD+,Android 11,Mediatek,4,4310,8,128,OPPO,6.43,48.0,16.0
25800,other,Android 10,Mediatek,4,4025,8,256,OPPO,6.4,64.0,
27990,other,Android 10,Mediatek,4,4025,8,128,OPPO,6.4,64.0,
12990,HD+,Android 10,Mediatek,4,4230,3,32,OPPO,6.52,13.0,5.0
25990,Full HD+,Android 11,Mediatek,4,4310,8,256,OPPO,6.43,48.0,16.0
24707,other,Android 10,Mediatek,4,4025,8,128,OPPO,6.4,64.0,
23940,other,Android 10,Mediatek,4,4025,8,128,OPPO,6.4,64.0,
29990,Full HD+,other,Mediatek,4,4000,6,128,OPPO,6.5,48.0,16.0
10990,HD+,Android 10,Mediatek,4,4230,2,32,OPPO,6.52,13.0,5.0
10990,HD+,Android 10,Mediatek,4,4230,2,32,OPPO,6.52,13.0,5.0
7999,HD+,Android 11,Mediatek,4,4230,3,32,OPPO,6.52,13.0,5.0
38999,Full HD,Android 12,Mediatek,5,4500,8,128,OPPO,6.43,50.0,32.0
9999,HD+,Android 11,Mediatek,4,4230,4,64,OPPO,6.52,13.0,5.0
12799,HD+,other,Mediatek,4,4230,6,128,OPPO,6.5,12.0,8.0
17990,other,other,Mediatek,4,4020,6,128,OPPO,6.53,48.0,16.0
29990,Full HD+,other,Mediatek,4,4000,6,128,OPPO,6.5,48.0,16.0
60990,Full HD,other,Snapdragon,4,3730,8,256,OPPO,6.4,16.0,25.0
15499,HD+,Android 12,Mediatek,4,5000,4,64,OPPO,6.56,50.0,
9490,HD+,other,Snapdragon,4,4230,2,16,OPPO,6.2,13.0,8.0
52999,Full HD+ AMOLED Display,Android 12,Mediatek,5,4500,12,256,OPPO,6.7,50.0,32.0
18890,other,other,Mediatek,4,4020,6,128,OPPO,6.53,48.0,16.0
9999,HD,other,Mediatek,4,3000,3,16,OPPO,5.2,13.0,5.0
24990,Full HD+,other,Mediatek,4,4000,6,128,OPPO,6.5,48.0,16.0
20990,Full HD,other,Mediatek,4,3200,4,64,OPPO,5.5,13.0,
13990,HD+,other,Snapdragon,4,4230,4,64,OPPO,6.2,13.0,8.0
18300,HD,other,Mediatek,4,3075,3,32,OPPO,5.5,13.0,16.0
37990,Full HD+,Android 10,Snapdragon,4,4000,8,128,OPPO,6.5,48.0,32.0
10999,Full HD+,Android 13,Snapdragon,5,5000,4,128,POCO,6.79,50.0,8.0
13999,Full HD+,Android 13,Snapdragon,5,5000,8,256,POCO,6.79,50.0,8.0
13999,Full HD+,Android 13,Snapdragon,5,5000,8,256,POCO,6.79,50.0,8.0
12499,HD+,Android 13,Mediatek,5,5000,8,256,POCO,6.74,50.0,
12499,HD+,Android 13,Mediatek,5,5000,8,256,POCO,6.74,50.0,
8299,HD+,Android 13,Mediatek,4,5000,6,128,POCO,6.74,50.0,8.0
10999,HD+,Android 13,Mediatek,5,5000,6,128,POCO,6.74,50.0,
10999,HD+,Android 13,Mediatek,5,5000,6,128,POCO,6.74,50.0,
10999,HD+,Android 13,Mediatek,5,5000,6,128,POCO,6.74,50.0,
9999,Full HD+ AMOLED Display,Android 11,Mediatek,4,5000,8,128,POCO,6.43,64.0,16.0
6999,Full HD+,Android 12,Mediatek,4,5000,4,64,POCO,6.58,50.0,8.0
10999,Full HD+,Android 13,Snapdragon,5,5000,4,128,POCO,6.79,50.0,8.0
27999,other,Android 14,Mediatek,5,5000,12,512,POCO,6.67,64.0,16.0
8999,HD+,Android 13,Mediatek,4,5000,8,256,POCO,6.74,50.0,8.0
4999,HD+,Android 13,Mediatek,4,5000,4,64,POCO,6.52,8.0,5.0
25999,other,Android 14,Mediatek,5,5000,8,256,POCO,6.67,64.0,16.0
9999,Full HD+ AMOLED Display,Android 11,Mediatek,4,5000,8,128,POCO,6.43,64.0,16.0
25999,other,Android 14,Mediatek,5,5000,8,256,POCO,6.67,64.0,16.0
8299,HD+,Android 13,Mediatek,4,5000,6,128,POCO,6.74,50.0,8.0
5999,HD+,Android 12,Mediatek,4,5000,4,64,POCO,6.71,50.0,5.0
9498,Full HD+,Android 10,Snapdragon,4,6000,4,64,POCO,6.53,48.0,8.0
21999,Full HD+,Android 12,Snapdragon,5,4500,12,256,POCO,6.67,64.0,20.0
18999,Full HD+,Android 12,Snapdragon,5,5000,6,128,POCO,6.67,48.0,13.0
14999,Full HD+,Android 12,Mediatek,5,5000,6,128,POCO,6.58,50.0,8.0
7299,HD+,Android 12,Mediatek,4,5000,3,32,POCO,6.52,8.0,5.0
14999,Full HD+,Android 10,Snapdragon,4,6000,6,128,POCO,6.53,48.0,8.0
14999,Full HD+,Android 12,Mediatek,5,5000,6,128,POCO,6.58,50.0,8.0
29999,Full HD+,Android 12,Snapdragon,5,4500,8,128,POCO,6.67,64.0,20.0
18999,Full HD+,Android 12,Snapdragon,5,5000,6,128,POCO,6.67,48.0,13.0
30999,Full HD+,Android 13,Snapdragon,5,5000,12,256,POCO,6.67,64.0,16.0
17999,Full HD+,Android 10,Snapdragon,4,5000,6,64,POCO,6.67,48.0,16.0
8499,HD+,Android 10,Mediatek,4,5000,3,32,POCO,6.53,13.0,5.0
10999,Full HD+,Android 13,Snapdragon,5,5000,4,64,POCO,6.79,50.0,8.0
30999,Full HD+,Android 13,Snapdragon,5,5000,12,256,POCO,6.67,64.0,16.0
14999,Full HD+,Android 10,Snapdragon,4,6000,6,128,POCO,6.53,48.0,8.0
6990,HD+,Android 10,Mediatek,4,5000,4,64,POCO,6.53,13.0,5.0
16999,Full HD+,Android 11,Mediatek,5,5000,6,128,POCO,6.6,50.0,16.0
7299,HD+,Android 12,Mediatek,4,5000,3,32,POCO,6.52,8.0,5.0
14999,Full HD+ AMOLED Display,Android 11,Mediatek,4,5000,6,64,POCO,6.43,64.0,16.0
9599,Full HD+,Android 10,Mediatek,4,5000,4,64,POCO,6.53,13.0,8.0
14499,Full HD+,Android 11,Mediatek,5,5000,4,64,POCO,6.5,48.0,8.0
29999,Full HD+,Android 13,Snapdragon,5,5000,8,256,POCO,6.67,64.0,16.0
7299,HD+,Android 12,Mediatek,4,5000,3,32,POCO,6.52,8.0,5.0
13999,Full HD+,Android 13,Snapdragon,5,5000,8,256,POCO,6.79,50.0,8.0
13999,Full HD+,Android 13,Snapdragon,5,5000,8,256,POCO,6.79,50.0,8.0
14999,Full HD+,Android 12,Mediatek,5,5000,6,128,POCO,6.58,50.0,8.0
20999,Full HD+,Android 12,Snapdragon,5,5000,8,256,POCO,6.67,48.0,13.0
12499,HD+,Android 13,Mediatek,5,5000,8,256,POCO,6.74,50.0,
10999,HD+,Android 13,Mediatek,5,5000,6,128,POCO,6.74,50.0,
18999,Full HD+,Android 12,Snapdragon,5,5000,6,128,POCO,6.67,48.0,13.0
11490,Full HD+,Android 10,Snapdragon,4,5000,4,64,POCO,6.67,48.0,16.0
19999,other,Android 11,Snapdragon,5,5000,6,128,POCO,6.67,64.0,16.0
12999,Full HD+,Android 12,Mediatek,5,5000,4,64,POCO,6.58,50.0,8.0
10999,HD+,Android 13,Mediatek,5,5000,6,128,POCO,6.74,50.0,
10999,HD+,Android 13,Mediatek,5,5000,6,128,POCO,6.74,50.0,
22999,Full HD+,Android 12,Snapdragon,5,5000,6,128,POCO,6.67,108.0,16.0
18999,Full HD+,Android 11,Mediatek,5,5000,8,128,POCO,6.6,50.0,16.0
12499,HD+,Android 13,Mediatek,5,5000,8,256,POCO,6.74,50.0,
12499,HD+,Android 13,Mediatek,5,5000,8,256,POCO,6.74,50.0,
20999,Full HD+,Android 10,Snapdragon,4,6000,6,128,POCO,6.67,64.0,20.0
14999,Full HD+,Android 10,Snapdragon,4,5000,4,64,POCO,6.67,48.0,16.0
8499,HD+,Android 10,Mediatek,4,5000,3,32,POCO,6.53,13.0,5.0
14999,Full HD+,Android 11,Mediatek,5,5000,4,64,POCO,6.6,50.0,16.0
13999,Full HD+,Android 13,Snapdragon,5,5000,8,256,POCO,6.79,50.0,8.0
13999,Full HD+,Android 13,Snapdragon,5,5000,8,256,POCO,6.79,50.0,8.0
25999,Full HD+,Android 12,Snapdragon,5,5000,6,128,POCO,6.67,108.0,16.0
10450,Full HD+,Android 10,Snapdragon,4,6000,4,64,POCO,6.53,48.0,8.0
12499,HD+,Android 13,Mediatek,5,5000,8,256,POCO,6.74,50.0,
10999,HD+,Android 13,Mediatek,5,5000,6,128,POCO,6.74,50.0,
18999,other,Android 11,Snapdragon,5,5000,6,64,POCO,6.67,64.0,16.0
21899,Full HD+,Android 12,Snapdragon,5,4500,6,128,POCO,6.67,64.0,20.0
29999,Full HD+,Android 13,Snapdragon,5,5000,8,256,POCO,6.67,64.0,16.0
10999,HD+,Android 13,Mediatek,5,5000,6,128,POCO,6.74,50.0,
10999,HD+,Android 13,Mediatek,5,5000,6,128,POCO,6.74,50.0,
10999,Full HD+,Android 10,Snapdragon,4,6000,6,64,POCO,6.53,48.0,8.0
12999,Full HD+,Android 12,Mediatek,5,5000,4,64,POCO,6.58,50.0,8.0
12499,HD+,Android 13,Mediatek,5,5000,8,256,POCO,6.74,50.0,
12499,HD+,Android 13,Mediatek,5,5000,8,256,POCO,6.74,50.0,
29999,Full HD+,Android 13,Snapdragon,5,5000,8,256,POCO,6.67,64.0,16.0
23999,Full HD+,Android 12,Snapdragon,5,5000,8,256,POCO,6.67,48.0,13.0
9990,Full HD+,Android 10,Snapdragon,4,6000,4,64,POCO,6.53,48.0,8.0
12999,Full HD+,Android 12,Mediatek,5,5000,4,64,POCO,6.58,50.0,8.0
10999,Full HD+,Android 13,Snapdragon,5,5000,4,128,POCO,6.79,50.0,8.0
27999,other,Android 14,Mediatek,5,5000,12,512,POCO,6.67,64.0,16.0
19999,Full HD+,Android 10,Snapdragon,4,5000,6,128,POCO,6.67,48.0,16.0
17999,Full HD+,Android 10,Snapdragon,4,5000,6,64,POCO,6.67,48.0,16.0
16499,Full HD+ AMOLED Display,Android 11,Mediatek,4,5000,6,128,POCO,6.43,64.0,16.0
12099,Full HD+,Android 10,Mediatek,4,5000,6,128,POCO,6.53,13.0,8.0
12999,Full HD+,Android 10,Snapdragon,4,6000,6,64,POCO,6.53,48.0,8.0
8899,HD+,Android 10,Mediatek,4,5000,4,64,POCO,6.53,13.0,5.0
19999,Full HD+,Android 11,Snapdragon,4,5160,6,128,POCO,6.67,48.0,20.0
12999,Full HD+,Android 11,Mediatek,5,5000,4,64,POCO,6.5,48.0,8.0
9990,Full HD+,Android 10,Snapdragon,4,6000,4,64,POCO,6.53,48.0,8.0
7279,HD+,Android 10,Mediatek,4,5000,3,32,POCO,6.53,13.0,5.0
25999,Full HD+,Android 11,Snapdragon,4,5160,8,128,POCO,6.67,48.0,20.0
14999,Full HD+ AMOLED Display,Android 11,Mediatek,4,5000,6,64,POCO,6.43,64.0,16.0
9890,Full HD+,Android 10,Mediatek,4,5000,4,64,POCO,6.53,13.0,8.0
17999,Full HD+,Android 10,Snapdragon,4,5000,6,64,POCO,6.67,48.0,16.0
17999,Full HD+,Android 10,Snapdragon,4,4500,6,64,POCO,6.67,64.0,
5990,HD+,Android 10,Mediatek,4,5000,3,32,POCO,6.53,13.0,5.0
20999,Full HD+,Android 10,Snapdragon,4,6000,6,128,POCO,6.67,64.0,20.0
29990,Full HD+,Android 12,Snapdragon,5,4500,12,256,POCO,6.67,64.0,20.0
28490,Full HD+,Android 12,Snapdragon,5,4500,8,128,POCO,6.67,64.0,20.0
36999,Full HD+,Android 11,Mediatek,5,5065,8,256,POCO,6.67,64.0,16.0
23999,other,Android 11,Snapdragon,5,5000,6,128,POCO,6.67,64.0,16.0
32999,Full HD+,Android 11,Mediatek,5,5065,6,128,POCO,6.67,64.0,16.0
8490,HD+,Android 10,Mediatek,4,5000,4,64,POCO,6.53,13.0,5.0
19999,Full HD+,Android 10,Snapdragon,4,5000,6,128,POCO,6.67,48.0,16.0
19999,Full HD+,Android 10,Snapdragon,4,5000,6,128,POCO,6.67,48.0,16.0
13999,Full HD+,Android 13,Snapdragon,5,5000,8,256,POCO,6.79,50.0,8.0
13999,Full HD+,Android 13,Snapdragon,5,5000,8,256,POCO,6.79,50.0,8.0
17999,Full HD+,Android 10,Snapdragon,4,4500,6,64,POCO,6.67,64.0,
10789,Full HD+,Android 10,Mediatek,4,5000,6,64,POCO,6.53,13.0,8.0
12499,HD+,Android 13,Mediatek,5,5000,8,256,POCO,6.74,50.0,
10999,HD+,Android 13,Mediatek,5,5000,6,128,POCO,6.74,50.0,
17999,Full HD+,Android 10,Snapdragon,4,4500,6,64,POCO,6.67,64.0,
25999,Full HD+,Android 11,Snapdragon,4,5160,8,128,POCO,6.67,48.0,20.0
16999,Full HD+,Android 11,Mediatek,5,5000,6,128,POCO,6.5,48.0,8.0
16990,Full HD+,Android 10,Snapdragon,4,4500,6,128,POCO,6.67,64.0,
10999,HD+,Android 13,Mediatek,5,5000,6,128,POCO,6.74,50.0,
10999,HD+,Android 13,Mediatek,5,5000,6,128,POCO,6.74,50.0,
19999,Full HD+,Android 10,Snapdragon,4,6000,6,64,POCO,6.67,64.0,20.0
21890,Full HD+,Android 11,Snapdragon,4,5160,6,128,POCO,6.67,48.0,20.0
12499,HD+,Android 13,Mediatek,5,5000,8,256,POCO,6.74,50.0,
12499,HD+,Android 13,Mediatek,5,5000,8,256,POCO,6.74,50.0,
34999,Full HD+,Android 11,Mediatek,5,5065,8,128,POCO,6.67,64.0,16.0
16499,Full HD+,Android 11,Mediatek,5,5000,6,128,POCO,6.5,48.0,8.0
12999,Full HD+,Android 11,Mediatek,5,5000,4,64,POCO,6.5,48.0,8.0
21999,Full HD+,other,Snapdragon,4,4000,6,64,POCO,6.18,12.0,20.0
10999,Full HD+,Android 13,Snapdragon,5,5000,4,128,POCO,6.79,50.0,8.0
27999,other,Android 14,Mediatek,5,5000,12,512,POCO,6.67,64.0,16.0
7999,Full HD+,Android 12,Mediatek,4,5000,6,128,POCO,6.58,50.0,8.0
10999,Full HD+,Android 13,Snapdragon,5,5000,4,64,POCO,6.79,50.0,8.0
9999,Full HD+ AMOLED Display,Android 11,Mediatek,4,5000,8,128,POCO,6.43,64.0,16.0
16999,Full HD+,Android 11,Mediatek,5,5000,6,128,POCO,6.6,50.0,16.0
6999,Full HD+,Android 12,Mediatek,4,5000,4,64,POCO,6.58,50.0,8.0
19999,Full HD+,Android 10,Snapdragon,4,4500,8,256,POCO,6.67,64.0,
14990,Full HD+,Android 11,Mediatek,5,5000,6,128,POCO,6.6,50.0,16.0
18999,Full HD+,other,Snapdragon,4,4000,6,64,POCO,6.18,12.0,20.0
17990,Full HD+,Android 10,Snapdragon,4,4500,6,128,POCO,6.67,64.0,
13890,Full HD+,other,Snapdragon,4,4000,6,64,POCO,6.18,12.0,20.0
12790,Full HD+,Android 10,Mediatek,4,5000,6,128,POCO,6.53,13.0,8.0
20999,Full HD+,Android 10,Snapdragon,4,4500,8,256,POCO,6.67,64.0,
30990,Full HD+,other,Snapdragon,4,4000,8,256,POCO,6.18,12.0,20.0
36999,Full HD+,Android 11,Mediatek,5,5065,8,256,POCO,6.67,64.0,16.0
18999,Full HD+,Android 10,Snapdragon,4,4500,6,128,POCO,6.67,64.0,
19998,Full HD+,Android 10,Snapdragon,4,6000,6,128,POCO,6.67,64.0,20.0
18999,other,Android 11,Snapdragon,5,5000,6,64,POCO,6.67,64.0,16.0
6999,Full HD+,Android 12,Mediatek,4,5000,4,64,POCO,6.58,50.0,8.0
19999,Full HD+,Android 10,Snapdragon,4,6000,8,128,POCO,6.67,64.0,20.0
11480,Full HD+,Android 10,Mediatek,4,5000,6,128,POCO,6.53,13.0,8.0
14490,Full HD+,other,Snapdragon,4,4000,6,128,POCO,6.18,12.0,20.0
9890,Full HD+,Android 10,Mediatek,4,5000,6,64,POCO,6.53,13.0,8.0
13490,Full HD+,other,Snapdragon,4,4000,6,128,POCO,6.18,12.0,20.0
12999,Full HD+,Android 13,Mediatek,5,5000,6,128,realme,6.72,64.0,8.0
12999,Full HD+,Android 13,Mediatek,5,5000,6,128,realme,6.72,64.0,8.0
8999,HD,Android 13,other,4,5000,4,128,realme,6.74,50.0,5.0
8499,HD,Android 13,other,4,5000,4,64,realme,6.74,50.0,5.0
8499,HD,Android 13,other,4,5000,4,64,realme,6.74,50.0,5.0
8999,HD,Android 13,other,4,5000,4,128,realme,6.74,50.0,5.0
15999,Full HD+,Android 13,Mediatek,5,5000,8,128,realme,6.72,108.0,16.0
15999,Full HD+,Android 13,Mediatek,5,5000,8,128,realme,6.72,108.0,16.0
8999,HD,Android 13,other,4,5000,6,64,realme,6.74,108.0,8.0
19999,Full HD+,Android 13,Mediatek,5,5000,8,256,realme,6.72,108.0,16.0
19999,Full HD+,Android 13,Mediatek,5,5000,8,256,realme,6.72,108.0,16.0
9499,HD,Android 13,other,4,5000,6,128,realme,6.74,108.0,8.0
9499,HD,Android 13,other,4,5000,6,128,realme,6.74,108.0,8.0
8999,HD,Android 13,other,4,5000,6,64,realme,6.74,108.0,8.0
26999,Full HD+,Android 14,Snapdragon,5,5000,8,256,realme,6.7,50.0,16.0
25999,Full HD+,Android 14,Snapdragon,5,5000,8,128,realme,6.7,50.0,16.0
25999,Full HD+,Android 14,Snapdragon,5,5000,8,128,realme,6.7,50.0,16.0
8999,HD,Android 13,other,4,5000,4,128,realme,6.74,108.0,8.0
26999,Full HD+,Android 14,Snapdragon,5,5000,8,256,realme,6.7,50.0,16.0
8999,HD,Android 13,other,4,5000,4,128,realme,6.74,108.0,8.0
33999,Full HD+,Android 14,Snapdragon,5,5000,12,256,realme,6.7,50.0,32.0
31999,Full HD+,Android 14,Snapdragon,5,5000,8,256,realme,6.7,50.0,32.0
29999,Full HD+,Android 14,Snapdragon,5,5000,8,128,realme,6.7,50.0,32.0
31999,Full HD+,Android 14,Snapdragon,5,5000,8,256,realme,6.7,50.0,32.0
33999,Full HD+,Android 14,Snapdragon,5,5000,12,256,realme,6.7,50.0,32.0
33999,Full HD+,Android 14,Snapdragon,5,5000,12,256,realme,6.7,50.0,32.0
14499,Full HD+,Android 13,Mediatek,5,5000,6,128,realme,6.72,50.0,8.0
11999,Full HD+,Android 13,Mediatek,5,5000,4,128,realme,6.72,50.0,8.0
14499,Full HD+,Android 13,Mediatek,5,5000,6,128,realme,6.72,50.0,8.0
31999,Full HD+,Android 14,Snapdragon,5,5000,8,256,realme,6.7,50.0,32.0
11999,Full HD+,Android 13,Mediatek,5,5000,4,128,realme,6.72,50.0,8.0
9999,Full HD+,Android 11,Mediatek,4,5000,4,64,realme,6.6,50.0,16.0
25999,Full HD+,Android 12,Mediatek,5,4500,12,256,realme,6.7,50.0,16.0
9920,HD,Android 13,other,4,5000,6,64,realme,6.74,108.0,8.0
25999,Full HD+,Android 12,Mediatek,5,4500,12,256,realme,6.7,50.0,16.0
25999,Full HD+,Android 12,Mediatek,5,4500,12,256,realme,6.7,50.0,16.0
7999,HD+,Android 12,other,4,5000,4,64,realme,6.5,8.0,5.0
14699,Full HD+,Android 10,Mediatek,4,5000,6,64,realme,6.5,64.0,16.0
13999,Full HD+,Android 13,Mediatek,4,5000,8,128,realme,6.72,64.0,8.0
13999,Full HD+,Android 13,Mediatek,4,5000,8,128,realme,6.72,64.0,8.0
13919,Full HD+,Android 10,Mediatek,4,5000,6,64,realme,6.5,64.0,16.0
11999,Full HD+,Android 13,Mediatek,4,5000,6,64,realme,6.72,64.0,8.0
13999,Full HD+,Android 13,Mediatek,4,5000,6,64,realme,6.72,64.0,8.0
11999,Full HD+,Android 13,Mediatek,4,5000,6,64,realme,6.72,64.0,8.0
20999,Full HD+,Android 10,Mediatek,4,5000,8,128,realme,6.5,64.0,16.0
8490,HD+,Android 11,other,4,5000,4,64,realme,6.5,50.0,8.0
13919,Full HD+,Android 10,Mediatek,4,5000,6,64,realme,6.5,64.0,16.0
10999,HD+,other,Mediatek,4,4230,4,64,realme,6.22,13.0,13.0
23399,other,Android 13,Mediatek,5,5000,8,128,realme,6.7,100.0,
10999,Full HD+,Android 13,Mediatek,4,5000,4,64,realme,6.72,64.0,8.0
15999,Full HD+,Android 10,Mediatek,4,5000,8,128,realme,6.5,64.0,16.0
19999,Full HD+,Android 10,Snapdragon,4,4300,8,128,realme,6.6,64.0,
29999,Full HD+,Android 13,Mediatek,5,5000,12,256,realme,6.7,200.0,32.0
12499,HD+,Android 10,Snapdragon,4,5000,4,128,realme,6.5,64.0,16.0
25999,Full HD+,Android 12,Mediatek,5,4500,12,256,realme,6.7,50.0,16.0
8490,HD+,other,Mediatek,4,4230,3,32,realme,6.22,13.0,13.0
29999,Full HD+,Android 13,Mediatek,5,5000,12,256,realme,6.7,200.0,32.0
8490,HD+,Android 11,other,4,5000,4,64,realme,6.5,50.0,8.0
11549,HD+,Android 10,Snapdragon,4,5000,4,64,realme,6.5,64.0,16.0
27999,Full HD+,Android 13,Mediatek,5,5000,8,256,realme,6.7,200.0,32.0
23999,Full HD+,Android 11,Snapdragon,5,4500,8,128,realme,6.43,64.0,16.0
23999,Full HD+,Android 11,Snapdragon,5,4500,8,128,realme,6.43,64.0,16.0
16939,Full HD+,Android 10,Snapdragon,4,4500,8,128,realme,6.4,64.0,32.0
9490,HD+,Android 11,other,4,5000,4,128,realme,6.5,50.0,8.0
8990,HD+,other,Snapdragon,4,4230,2,16,realme,6.2,13.0,5.0
10498,Full HD+,Android 11,other,4,5000,4,64,realme,6.6,50.0,8.0
11549,HD+,Android 10,Snapdragon,4,5000,4,64,realme,6.5,64.0,16.0
8990,Full HD+,Android 11,other,4,5000,4,64,realme,6.6,50.0,8.0
10999,Full HD+,Android 11,other,4,5000,4,128,realme,6.6,50.0,8.0
10990,HD+,Android 11,Mediatek,4,6000,4,128,realme,6.5,50.0,8.0
9653,HD+,Android 11,Mediatek,4,6000,4,64,realme,6.5,50.0,8.0
11790,HD+,Android 11,Mediatek,4,6000,4,128,realme,6.5,50.0,8.0
8490,HD+,Android 11,other,4,5000,4,64,realme,6.5,50.0,8.0
10999,HD+,other,Mediatek,4,4230,3,32,realme,6.22,13.0,13.0
9999,HD+,Android 12,other,4,5000,4,64,realme,6.5,50.0,5.0
11999,HD+,Android 10,Mediatek,4,6000,4,64,realme,6.52,48.0,8.0
8999,HD+,Android 12,other,4,5000,3,32,realme,6.5,50.0,5.0
8999,HD+,Android 12,other,4,5000,3,32,realme,6.5,50.0,5.0
8999,HD+,Android 12,other,4,5000,3,32,realme,6.5,50.0,5.0
15499,Full HD+,Android 11,Mediatek,4,5000,8,128,realme,6.4,64.0,16.0
18999,Full HD+,Android 10,Snapdragon,4,4300,6,128,realme,6.6,64.0,
13397,Full HD+,Android 11,Mediatek,4,5000,4,64,realme,6.5,48.0,16.0
11999,HD+,Android 10,Mediatek,4,6000,4,64,realme,6.52,48.0,8.0
15499,Full HD+,Android 11,Mediatek,4,5000,8,128,realme,6.4,64.0,16.0
34999,Full HD+,Android 10,Snapdragon,4,4200,12,256,realme,6.57,64.0,
9999,Full HD+,Android 11,other,4,5000,4,64,realme,6.6,50.0,8.0
17999,Full HD+,Android 10,Snapdragon,4,4300,6,64,realme,6.6,64.0,
23999,Full HD+,Android 13,Mediatek,5,5000,8,128,realme,6.7,100.0,16.0
16999,Full HD+,Android 10,Mediatek,4,4300,8,128,realme,6.5,64.0,16.0
10999,HD+,other,Snapdragon,4,5000,4,64,realme,6.52,12.0,8.0
10999,HD+,Android 10,Mediatek,4,6000,4,128,realme,6.52,48.0,8.0
8499,HD+,Android 11,other,4,5000,4,64,realme,6.5,13.0,5.0
34999,Full HD+,Android 10,Snapdragon,4,4200,12,256,realme,6.57,64.0,
31999,Full HD+,Android 10,Snapdragon,4,4200,8,256,realme,6.57,64.0,
24999,Full HD+,Android 13,Mediatek,5,5000,8,256,realme,6.7,100.0,16.0
30049,Full HD+,Android 10,Snapdragon,4,4200,8,256,realme,6.57,64.0,
23999,Full HD+,Android 13,Mediatek,5,5000,8,128,realme,6.7,100.0,16.0
8990,HD+,other,Snapdragon,4,4230,2,16,realme,6.2,13.0,5.0
19999,Full HD+,Android 12,Mediatek,4,5000,8,128,realme,6.4,50.0,16.0
27999,Full HD+,Android 13,Mediatek,5,5000,12,256,realme,6.7,100.0,16.0
9999,HD+,Android 11,other,4,5000,4,128,realme,6.5,50.0,8.0
15499,Full HD+,Android 11,Mediatek,4,5000,8,128,realme,6.4,64.0,16.0
15999,Full HD+,Android 12,Mediatek,4,5000,4,64,realme,6.4,50.0,16.0
9999,HD+,Android 10,Snapdragon,4,5000,4,64,realme,6.5,12.0,8.0
23999,Full HD+,Android 11,Snapdragon,5,4300,8,128,realme,6.43,64.0,32.0
25999,Full HD+,Android 11,Snapdragon,5,4300,8,256,realme,6.43,64.0,32.0
7290,HD+,other,Mediatek,4,4000,2,32,realme,6.1,13.0,5.0
13380,Full HD+,Android 10,Mediatek,4,4500,6,64,realme,6.5,48.0,16.0
13068,Full HD+,Android 10,Mediatek,4,4500,6,64,realme,6.5,48.0,16.0
7999,HD+,Android 10,Mediatek,4,6000,3,32,realme,6.52,13.0,5.0
8999,HD+,Android 10,Mediatek,4,5000,4,64,realme,6.52,12.0,5.0
17999,Full HD+,Android 10,Mediatek,4,4500,8,128,realme,6.5,48.0,16.0
33999,Full HD+ AMOLED Display,Android 12,Snapdragon,5,5000,8,256,realme,6.62,64.0,16.0
19999,Full HD+,Android 12,Mediatek,4,5000,8,128,realme,6.4,50.0,16.0
22999,Full HD+ AMOLED Display,Android 12,Snapdragon,4,5000,8,128,realme,6.4,108.0,16.0
8698,HD+,Android 12,other,4,5000,2,32,realme,6.5,8.0,5.0
10999,HD+,Android 10,Mediatek,4,6000,3,32,realme,6.52,13.0,5.0
20999,Full HD+ AMOLED Display,Android 12,Snapdragon,4,5000,6,128,realme,6.4,108.0,16.0
19999,Full HD+,Android 10,Mediatek,5,4310,6,128,realme,6.43,64.0,16.0
11999,HD+,other,Snapdragon,4,5000,4,128,realme,6.52,12.0,8.0
31999,Full HD+ AMOLED Display,Android 12,Snapdragon,5,5000,8,128,realme,6.62,64.0,16.0
13999,Full HD+,Android 11,Mediatek,5,5000,4,64,realme,6.5,48.0,16.0
7999,HD+,other,Mediatek,4,4000,2,32,realme,6.1,13.0,5.0
29999,Full HD+ AMOLED Display,Android 12,Snapdragon,5,5000,6,128,realme,6.62,64.0,16.0
29999,Full HD+ AMOLED Display,Android 12,Snapdragon,5,5000,6,128,realme,6.62,64.0,16.0
33999,Full HD+ AMOLED Display,Android 12,Snapdragon,5,5000,8,256,realme,6.62,64.0,16.0
20999,Full HD+ AMOLED Display,Android 11,Snapdragon,4,5000,6,128,realme,6.4,108.0,16.0
9999,HD+,Android 10,Mediatek,4,6000,3,32,realme,6.51,13.0,8.0
27299,Full HD+,Android 10,Snapdragon,5,4200,8,128,realme,6.44,64.0,
8999,HD+,Android 10,Mediatek,4,5000,3,32,realme,6.52,12.0,5.0
31899,Full HD+,Android 10,Snapdragon,5,4200,12,256,realme,6.44,64.0,
29999,Full HD+ AMOLED Display,Android 12,Snapdragon,5,5000,6,128,realme,6.62,64.0,16.0
24999,Full HD+,Android 13,Mediatek,5,5000,6,128,realme,6.7,108.0,16.0
16999,Full HD+,Android 10,Snapdragon,4,4300,6,64,realme,6.6,64.0,
7499,HD+,Android 11,other,4,5000,3,32,realme,6.5,13.0,5.0
14499,Full HD+,Android 11,Mediatek,4,5000,6,128,realme,6.4,64.0,16.0
7499,HD+,Android 11,other,4,5000,3,32,realme,6.5,13.0,5.0
9993,HD+,Android 10,Mediatek,4,6000,3,32,realme,6.52,13.0,8.0
20999,Full HD+,other,Snapdragon,4,3765,8,128,realme,6.53,48.0,16.0
9888,HD+,Android 10,Mediatek,4,6000,4,64,realme,6.51,13.0,8.0
29999,Full HD+,Android 11,Mediatek,5,4500,8,128,realme,6.43,64.0,16.0
27999,other,Android 12,Mediatek,5,5000,8,128,realme,6.4,48.0,
17999,Full HD+,other,Snapdragon,4,3765,4,128,realme,6.53,48.0,16.0
12490,HD+,Android 10,Mediatek,4,6000,4,128,realme,6.52,48.0,8.0
38999,Full HD+,Android 12,Mediatek,5,5000,8,256,realme,6.7,50.0,16.0
8999,HD,Android 11,other,4,5000,4,64,realme,6.52,13.0,5.0
38999,Full HD+,Android 12,Mediatek,5,5000,8,256,realme,6.7,50.0,16.0
17999,Full HD+,Android 10,Mediatek,4,4300,6,64,realme,6.5,64.0,16.0
22999,Full HD+ AMOLED Display,Android 12,Snapdragon,4,5000,8,128,realme,6.4,108.0,16.0
18490,Full HD+,Android 11,Mediatek,5,5000,8,128,realme,6.5,64.0,16.0
38999,Full HD+,Android 12,Mediatek,5,5000,8,256,realme,6.7,50.0,16.0
9699,HD+,Android 10,Snapdragon,4,5000,3,32,realme,6.5,12.0,8.0
9499,HD+,Android 10,Snapdragon,4,5000,4,64,realme,6.5,12.0,8.0
6999,HD+,other,Mediatek,4,4000,2,16,realme,6.1,13.0,5.0
36999,Full HD+,Android 12,Mediatek,5,5000,8,128,realme,6.7,50.0,16.0
36999,Full HD+,Android 12,Mediatek,5,5000,8,128,realme,6.7,50.0,16.0
10999,HD+,other,Snapdragon,4,5000,4,64,realme,6.52,12.0,8.0
8999,HD,Android 11,other,4,5000,4,64,realme,6.52,13.0,5.0
15999,Full HD+,Android 12,Mediatek,4,5000,4,64,realme,6.4,50.0,16.0
8498,HD+,Android 12,other,4,5000,2,32,realme,6.5,8.0,5.0
9990,HD+,other,Snapdragon,4,4230,3,32,realme,6.2,13.0,8.0
8498,HD+,Android 12,other,4,5000,4,64,realme,6.5,8.0,5.0
10990,HD+,Android 10,Mediatek,4,5000,4,64,realme,6.52,12.0,5.0
17999,Full HD+,Android 11,Mediatek,5,5000,6,128,realme,6.5,48.0,16.0
25999,Full HD+,Android 11,Snapdragon,5,4300,6,128,realme,6.43,64.0,32.0
15999,Full HD+,Android 11,Mediatek,5,5000,4,64,realme,6.5,48.0,16.0
13990,HD+,Android 11,other,4,5000,4,128,realme,6.5,50.0,8.0
6599,HD+,Android 13,Mediatek,4,5000,4,64,REDMI,6.52,8.0,5.0
8799,HD+,Android 13,Mediatek,4,5000,6,128,REDMI,6.74,50.0,8.0
5299,HD+,Android 13,Mediatek,4,5000,2,64,REDMI,6.52,8.0,5.0
5299,HD+,Android 13,Mediatek,4,5000,2,64,REDMI,6.52,8.0,5.0
7999,HD+,Android 13,Mediatek,4,5000,4,128,REDMI,6.74,50.0,8.0
8799,HD+,Android 13,Mediatek,4,5000,6,128,REDMI,6.74,50.0,8.0
5299,HD+,Android 13,Mediatek,4,5000,2,64,REDMI,6.52,8.0,5.0
7999,HD+,Android 13,Mediatek,4,5000,4,128,REDMI,6.74,50.0,8.0
8799,HD+,Android 13,Mediatek,4,5000,6,128,REDMI,6.74,50.0,8.0
7999,HD+,Android 13,Mediatek,4,5000,4,128,REDMI,6.74,50.0,8.0
14999,Full HD+,Android 13,Snapdragon,5,5000,8,256,REDMI,6.79,50.0,8.0
13499,Full HD+,Android 13,Snapdragon,5,5000,6,128,REDMI,6.79,50.0,8.0
13499,Full HD+,Android 13,Snapdragon,5,5000,6,128,REDMI,6.79,50.0,8.0
14999,Full HD+,Android 13,Snapdragon,5,5000,8,256,REDMI,6.79,50.0,8.0
13499,Full HD+,Android 13,Snapdragon,5,5000,6,128,REDMI,6.79,50.0,8.0
10499,Full HD+,Android 13,Mediatek,4,5000,6,128,REDMI,6.79,50.0,8.0
14999,Full HD+,Android 13,Snapdragon,5,5000,8,256,REDMI,6.79,50.0,8.0
10499,Full HD+,Android 13,Mediatek,4,5000,6,128,REDMI,6.79,50.0,8.0
10499,Full HD+,Android 13,Mediatek,4,5000,6,128,REDMI,6.79,50.0,8.0
5839,HD+,other,Snapdragon,4,4000,2,32,Redmi,5.45,12.0,5.0
16825,Full HD+,Android 13,Mediatek,5,5000,6,128,REDMI,6.67,108.0,
7299,HD+,Android 14,Mediatek,4,5000,3,64,REDMI,6.71,8.0,5.0
13999,Full HD+,other,Snapdragon,4,4000,4,64,Redmi,6.3,48.0,13.0
19876,Full HD+,Android 13,Mediatek,5,5000,8,256,REDMI,6.67,108.0,
7299,HD+,Android 14,Mediatek,4,5000,3,64,REDMI,6.71,8.0,5.0
10999,other,Android 13,Snapdragon,4,5000,6,64,REDMI,6.67,50.0,13.0
5999,HD,other,Snapdragon,4,3000,2,16,Redmi,5.0,13.0,5.0
11999,Full HD+,other,Snapdragon,4,4000,3,32,Redmi,6.3,48.0,13.0
8999,Full HD+,Android 12,Mediatek,4,5000,6,128,REDMI,6.58,50.0,8.0
9299,HD+,Android 14,Mediatek,4,5000,6,128,REDMI,6.71,8.0,5.0
11499,HD+,Android 13,Mediatek,4,5000,8,256,REDMI,6.74,50.0,8.0
12999,other,Android 13,Snapdragon,4,5000,6,128,REDMI,6.67,50.0,13.0
9299,HD+,Android 14,Mediatek,4,5000,6,128,REDMI,6.71,8.0,5.0
9480,HD+,Android 12,Mediatek,4,5000,6,128,REDMI,6.71,50.0,5.0
5499,HD+,other,Snapdragon,4,4000,2,16,Redmi,5.45,12.0,5.0
8899,HD+,other,Snapdragon,4,3080,4,64,Redmi,5.99,12.0,16.0
5690,HD+,Android 13,Mediatek,4,5000,2,32,REDMI,6.52,8.0,5.0
12999,other,Android 13,Snapdragon,4,5000,6,128,REDMI,6.67,50.0,13.0
8299,HD+,Android 14,Mediatek,4,5000,4,128,REDMI,6.71,8.0,5.0
7299,HD+,Android 14,Mediatek,4,5000,3,64,REDMI,6.71,8.0,5.0
5690,HD+,Android 13,Mediatek,4,5000,2,32,REDMI,6.52,8.0,5.0
8890,HD+,Android 12,Mediatek,4,5000,4,128,REDMI,6.71,50.0,5.0
9499,Full HD+,Android 13,Mediatek,4,5000,4,128,REDMI,6.79,50.0,8.0
9499,Full HD+,Android 13,Mediatek,4,5000,4,128,REDMI,6.79,50.0,8.0
8299,HD+,Android 14,Mediatek,4,5000,4,128,REDMI,6.71,8.0,5.0
8899,HD+,other,Snapdragon,4,3080,4,64,Redmi,5.99,12.0,16.0
5690,HD+,Android 13,Mediatek,4,5000,2,32,REDMI,6.52,8.0,5.0
8799,HD+,Android 12,Mediatek,4,5000,6,128,REDMI,6.71,50.0,5.0
8890,HD+,Android 12,Mediatek,4,5000,4,128,REDMI,6.71,50.0,5.0
15499,Full HD+ AMOLED Display,Android 12,Snapdragon,5,5000,4,128,REDMI,6.67,48.0,13.0
9299,HD+,Android 14,Mediatek,4,5000,6,128,REDMI,6.71,8.0,5.0
7799,HD+,Android 13,Mediatek,4,5000,4,128,REDMI,6.52,8.0,
18999,Full HD+ AMOLED Display,Android 12,Snapdragon,5,5000,8,256,REDMI,6.67,48.0,13.0
7795,HD+,Android 13,Mediatek,4,5000,4,128,REDMI,6.52,8.0,
9378,HD+,Android 12,Mediatek,4,5000,6,128,REDMI,6.71,50.0,5.0
9480,HD+,Android 12,Mediatek,4,5000,6,128,REDMI,6.71,50.0,5.0
16999,Full HD+ AMOLED Display,Android 12,Snapdragon,5,5000,6,128,REDMI,6.67,48.0,13.0
8499,HD+,Android 12,Mediatek,4,5000,4,64,REDMI,6.71,50.0,5.0
13499,Full HD,Android 13,Snapdragon,5,5000,4,128,REDMI,6.79,50.0,
18999,Full HD+ AMOLED Display,Android 12,Snapdragon,5,5000,8,256,REDMI,6.67,48.0,13.0
21999,Full HD+ AMOLED Display,Android 12,Mediatek,5,5000,6,128,REDMI,6.67,50.0,16.0
5690,HD+,Android 13,Mediatek,4,5000,2,32,REDMI,6.52,8.0,5.0
7950,Full HD,other,Snapdragon,4,4100,3,32,Redmi,5.5,13.0,5.0
8499,HD+,Android 12,Mediatek,4,5000,4,64,REDMI,6.71,50.0,5.0
7499,HD+,Android 12,Mediatek,4,5000,2,32,REDMI,6.52,8.0,5.0
11499,HD+,Android 13,Mediatek,4,5000,8,256,REDMI,6.74,50.0,8.0
15998,other,Android 11,Mediatek,4,5000,6,128,REDMI,6.43,64.0,13.0
9499,Full HD+,Android 13,Mediatek,4,5000,4,128,REDMI,6.79,50.0,8.0
13999,Full HD+,Android 10,Snapdragon,4,6000,4,64,REDMI,6.53,48.0,8.0
10999,other,Android 13,Snapdragon,4,5000,6,64,REDMI,6.67,50.0,13.0
21999,Full HD+ AMOLED Display,Android 12,Mediatek,5,5000,6,128,REDMI,6.67,50.0,16.0
9339,Full HD+,Android 12,Mediatek,4,5000,4,64,REDMI,6.58,50.0,8.0
29999,Full HD+,Android 12,Mediatek,5,5080,8,256,REDMI,6.6,64.0,16.0
8990,HD+,Android 10,Mediatek,4,5000,4,64,REDMI,6.53,13.0,5.0
13999,Full HD+,Android 10,Snapdragon,4,6000,4,64,REDMI,6.53,48.0,8.0
7800,HD+,Android 13,Mediatek,4,5000,4,128,REDMI,6.52,8.0,
21999,Full HD+ AMOLED Display,Android 12,Mediatek,5,5000,6,128,REDMI,6.67,50.0,16.0
8999,HD+,other,Snapdragon,4,5000,3,32,Redmi,6.22,13.0,8.0
24999,Full HD+,Android 12,Mediatek,5,5080,6,128,REDMI,6.6,64.0,16.0
9299,HD+,Android 10,Mediatek,4,5000,4,128,REDMI,6.53,13.0,5.0
16999,Full HD+ AMOLED Display,Android 12,Snapdragon,5,5000,6,128,REDMI,6.67,48.0,13.0
9499,Full HD+,Android 13,Mediatek,4,5000,4,128,REDMI,6.79,50.0,8.0
8299,HD+,Android 14,Mediatek,4,5000,4,128,REDMI,6.71,8.0,5.0
5690,HD+,Android 13,Mediatek,4,5000,2,32,REDMI,6.52,8.0,5.0
9999,HD+,other,Snapdragon,4,5000,3,64,Redmi,6.22,13.0,8.0
10999,HD+,other,Snapdragon,4,5000,4,64,Redmi,6.22,12.0,8.0
19999,other,Android 11,Snapdragon,4,5020,6,128,REDMI,6.67,64.0,16.0
8499,HD+,Android 12,Mediatek,4,5000,3,32,REDMI,6.52,8.0,5.0
12999,HD+,Android 11,Snapdragon,4,6000,6,128,REDMI,6.7,50.0,5.0
8777,HD+,Android 12,Mediatek,4,5000,4,128,REDMI,6.71,50.0,5.0
27999,Full HD+ AMOLED Display,Android 12,Mediatek,5,4980,8,256,REDMI,6.67,200.0,16.0
10999,HD+,Android 11,Snapdragon,4,6000,4,64,REDMI,6.7,50.0,5.0
12379,Full HD+,Android 11,Snapdragon,4,5000,4,64,REDMI,6.43,48.0,13.0
13999,Full HD+,other,Snapdragon,4,4000,4,64,Redmi,6.3,48.0,13.0
8639,HD+,Android 12,Mediatek,4,5000,4,64,REDMI,6.71,50.0,5.0
15499,Full HD+ AMOLED Display,Android 12,Snapdragon,5,5000,4,128,REDMI,6.67,48.0,13.0
27999,Full HD+ AMOLED Display,Android 12,Mediatek,5,4980,8,256,REDMI,6.67,200.0,16.0
16450,Full HD,Android 12,Snapdragon,5,5000,6,128,REDMI,6.67,48.0,13.0
7499,HD+,Android 12,Mediatek,4,5000,2,32,REDMI,6.52,8.0,5.0
23999,Full HD+ AMOLED Display,Android 12,Mediatek,5,5000,8,256,REDMI,6.67,50.0,16.0
9490,HD+,Android 12,Mediatek,4,5000,4,128,REDMI,6.71,50.0,5.0
16999,Full HD+ AMOLED Display,Android 12,Snapdragon,5,5000,6,128,REDMI,6.67,48.0,13.0
6690,HD,other,Mediatek,4,3000,2,32,Redmi,5.45,13.0,
7459,HD+,other,Snapdragon,4,5000,2,32,Redmi,6.22,12.0,8.0
27999,Full HD+ AMOLED Display,Android 12,Mediatek,5,4980,8,256,REDMI,6.67,200.0,16.0
29999,Full HD+,Android 12,Mediatek,5,5080,8,256,REDMI,6.6,64.0,16.0
8777,HD+,Android 12,Mediatek,4,5000,4,128,REDMI,6.71,50.0,5.0
8299,HD+,Android 14,Mediatek,4,5000,4,128,REDMI,6.71,8.0,5.0
12379,Full HD+,Android 11,Snapdragon,4,5000,4,64,REDMI,6.43,48.0,13.0
18999,Full HD+ AMOLED Display,Android 12,Snapdragon,5,5000,8,256,REDMI,6.67,48.0,13.0
9499,Full HD+,Android 13,Mediatek,4,5000,4,128,REDMI,6.79,50.0,8.0
27999,Full HD+ AMOLED Display,Android 12,Mediatek,5,4980,8,256,REDMI,6.67,200.0,16.0
27999,Full HD+ AMOLED Display,Android 12,Mediatek,5,4980,8,256,REDMI,6.67,200.0,16.0
19999,other,Android 11,Snapdragon,4,5020,6,128,REDMI,6.67,64.0,16.0
25999,Full HD+ AMOLED Display,Android 12,Mediatek,5,5000,12,256,REDMI,6.67,50.0,16.0
27999,Full HD+ AMOLED Display,Android 12,Mediatek,5,4980,8,256,REDMI,6.67,200.0,16.0
9490,HD+,Android 12,Mediatek,4,5000,4,128,REDMI,6.71,50.0,5.0
25999,Full HD+ AMOLED Display,Android 12,Mediatek,5,5000,12,256,REDMI,6.67,50.0,16.0
18999,Full HD+,Android 10,Mediatek,4,5020,6,128,REDMI,6.53,48.0,13.0
15990,other,Android 11,Mediatek,4,5000,6,128,REDMI,6.43,64.0,13.0
19999,other,Android 11,Snapdragon,4,5020,6,128,REDMI,6.67,64.0,16.0
10999,HD+,Android 11,Snapdragon,4,6000,4,64,REDMI,6.7,50.0,5.0
13999,Full HD,Android 11,Mediatek,4,6000,6,128,REDMI,6.5,50.0,8.0
16499,other,Android 11,Mediatek,4,5000,6,128,REDMI,6.43,64.0,13.0
15990,Full HD+,Android 11,Mediatek,5,5000,6,128,REDMI,6.56,48.0,8.0
24999,Full HD+,Android 12,Mediatek,5,5080,6,128,REDMI,6.6,64.0,16.0
8499,Full HD+,Android 12,Mediatek,4,5000,4,64,REDMI,6.58,50.0,8.0
14999,Full HD+,Android 11,Mediatek,4,5000,6,64,REDMI,6.43,64.0,13.0
9299,HD+,Android 10,Mediatek,4,5000,4,128,REDMI,6.53,13.0,5.0
10999,HD+,Android 11,Snapdragon,4,6000,4,64,REDMI,6.7,50.0,5.0
7441,HD+,Android 12,Mediatek,4,5000,4,128,SAMSUNG,6.5,13.0,
7899,HD+,Android 12,Mediatek,4,5000,4,64,SAMSUNG,6.5,13.0,5.0
7399,HD+,Android 12,Mediatek,4,5000,4,64,SAMSUNG,6.5,13.0,
13490,Full HD+,Android 13,Exynos,5,6000,6,128,SAMSUNG,6.6,50.0,13.0
13490,Full HD+,Android 13,Exynos,5,6000,6,128,SAMSUNG,6.6,50.0,13.0
13490,Full HD+,Android 13,Exynos,5,6000,6,128,SAMSUNG,6.6,50.0,13.0
29999,Full HD+,Android 13,Snapdragon,5,4500,8,128,Samsung,6.4,12.0,32.0
11990,Full HD+,Android 13,Exynos,5,6000,4,128,SAMSUNG,6.6,50.0,13.0
29999,Full HD+,Android 13,Snapdragon,5,4500,8,128,Samsung,6.4,12.0,32.0
11990,Full HD+,Android 13,Exynos,5,6000,4,128,SAMSUNG,6.6,50.0,13.0
33999,Full HD+,Android 13,Snapdragon,5,4500,8,256,Samsung,6.4,12.0,32.0
11990,Full HD+,Android 13,Exynos,5,6000,4,128,SAMSUNG,6.6,50.0,13.0
24999,Full HD+,Android 13,Exynos,5,6000,8,256,SAMSUNG,6.7,108.0,32.0
29999,Full HD+,Android 13,Snapdragon,5,4500,8,128,Samsung,6.4,12.0,32.0
17999,Full HD+,Android 13,Exynos,5,6000,8,128,SAMSUNG,6.5,50.0,13.0
7673,HD+,Android 12,Mediatek,4,5000,4,128,SAMSUNG,6.5,13.0,
7533,HD+,Android 12,Mediatek,4,5000,4,128,SAMSUNG,6.5,13.0,
15999,Full HD+,Android 13,Exynos,5,6000,6,128,SAMSUNG,6.5,50.0,13.0
29999,Full HD+,Android 13,Snapdragon,5,4500,8,128,Samsung,6.4,12.0,32.0
15999,Full HD+,Android 13,Exynos,5,6000,6,128,SAMSUNG,6.5,50.0,13.0
69999,Full HD+,Android 13,Snapdragon,5,3900,8,256,SAMSUNG,6.1,50.0,12.0
39999,Full HD+,Android 12,Snapdragon,5,3700,8,128,SAMSUNG,6.1,50.0,10.0
15999,Full HD+,Android 13,Exynos,5,6000,6,128,SAMSUNG,6.5,50.0,13.0
26499,Full HD+,Android 13,Mediatek,5,5000,8,256,SAMSUNG,6.6,48.0,13.0
17999,Full HD+,Android 13,Exynos,5,6000,8,128,SAMSUNG,6.5,50.0,13.0
19499,Full HD+,Android 14,Mediatek,5,5000,8,128,SAMSUNG,6.5,50.0,13.0
15999,HD+,Android 13,Exynos,5,5000,6,128,SAMSUNG,6.6,50.0,13.0
17999,Full HD+,Android 13,Exynos,5,6000,8,128,SAMSUNG,6.5,50.0,13.0
24499,Full HD+,Android 13,Mediatek,5,5000,8,128,SAMSUNG,6.6,48.0,13.0
8999,HD+,Android 12,Mediatek,4,5000,4,64,SAMSUNG,6.5,13.0,5.0
15999,HD+,Android 13,Exynos,5,5000,6,128,SAMSUNG,6.6,50.0,13.0
33999,Full HD+,Android 13,Snapdragon,5,4500,8,256,Samsung,6.4,12.0,32.0
9999,Full HD+,Android 12,Exynos,4,6000,4,64,SAMSUNG,6.6,50.0,8.0
9999,Full HD+,Android 12,Exynos,4,6000,4,64,SAMSUNG,6.6,50.0,8.0
69999,Full HD+,Android 13,Snapdragon,5,3900,8,256,SAMSUNG,6.1,50.0,12.0
7999,HD,Android 12,Mediatek,4,5000,4,64,SAMSUNG,6.5,13.0,5.0
24499,Full HD+,Android 13,Mediatek,5,5000,8,128,SAMSUNG,6.6,48.0,13.0
11499,Full HD+,Android 13,Snapdragon,4,5000,4,128,SAMSUNG,6.72,50.0,13.0
26499,Full HD+,Android 13,Mediatek,5,5000,8,256,SAMSUNG,6.6,48.0,13.0
39999,Full HD+,Android 12,Snapdragon,5,3700,8,128,SAMSUNG,6.1,50.0,10.0
69999,Full HD+,Android 13,Snapdragon,5,3900,8,256,SAMSUNG,6.1,50.0,12.0
19499,Full HD+,Android 14,Mediatek,5,5000,8,128,SAMSUNG,6.5,50.0,13.0
64999,Full HD+,Android 13,Snapdragon,5,3900,8,128,SAMSUNG,6.1,50.0,12.0
24499,Full HD+,Android 13,Mediatek,5,5000,8,128,SAMSUNG,6.6,48.0,13.0
79999,Full HD+,Android 14,Exynos,5,4000,8,256,SAMSUNG,6.2,50.0,12.0
17999,HD+,Android 13,Exynos,5,5000,8,128,SAMSUNG,6.6,50.0,13.0
25990,Full HD+,Android 12,Exynos,5,5000,8,128,SAMSUNG,6.5,64.0,32.0
13499,HD+,Android 13,Exynos,5,5000,4,64,SAMSUNG,6.6,50.0,13.0
39999,Full HD+,Android 12,Snapdragon,5,3700,8,128,SAMSUNG,6.1,50.0,10.0
64999,Full HD+,Android 13,Snapdragon,5,3900,8,128,SAMSUNG,6.1,50.0,12.0
9999,Full HD+,Android 12,Exynos,4,6000,4,64,SAMSUNG,6.6,50.0,8.0
12999,HD+,Android 12,Exynos,4,5000,4,64,SAMSUNG,6.5,50.0,5.0
109999,other,Android 13,Snapdragon,5,3700,8,512,SAMSUNG,6.7,12.0,10.0
12999,Full HD+,Android 13,Snapdragon,4,5000,6,128,SAMSUNG,6.72,50.0,13.0
39999,Full HD+,Android 12,Snapdragon,5,3700,8,128,SAMSUNG,6.1,50.0,10.0
9999,HD+,Android 11,Exynos,4,6000,4,64,SAMSUNG,6.515,48.0,8.0
12999,Full HD+,Android 13,Snapdragon,4,5000,6,128,SAMSUNG,6.72,50.0,13.0
12999,HD+,Android 12,Exynos,4,5000,4,64,SAMSUNG,6.5,50.0,5.0
8290,Full HD+,Android 10,Snapdragon,4,5000,4,64,SAMSUNG,6.5,13.0,5.0
7999,HD,Android 12,Mediatek,4,5000,4,64,SAMSUNG,6.5,13.0,5.0
79999,Full HD+,Android 14,Exynos,5,4000,8,256,SAMSUNG,6.2,50.0,12.0
129999,other,Android 14,Snapdragon,5,5000,12,256,SAMSUNG,6.8,200.0,12.0
31990,Full HD+,Android 12,Exynos,5,5000,6,128,SAMSUNG,6.5,64.0,32.0
20999,Full HD+,Android 12,Snapdragon,5,5000,6,128,SAMSUNG,6.6,50.0,8.0
17999,HD+,Android 13,Exynos,5,5000,8,128,SAMSUNG,6.6,50.0,13.0
79999,Full HD+,Android 14,Exynos,5,4000,8,256,SAMSUNG,6.2,50.0,12.0
13099,HD+,Android 11,Mediatek,4,6000,6,128,SAMSUNG,6.4,48.0,13.0
99999,other,Android 13,Snapdragon,5,3700,8,256,SAMSUNG,6.7,12.0,10.0
64999,Full HD+,Android 13,Snapdragon,5,3900,8,128,SAMSUNG,6.1,50.0,12.0
59999,Full HD+,Android 13,Exynos,5,4500,8,256,SAMSUNG,6.4,50.0,10.0
25990,Full HD+,Android 12,Exynos,5,5000,8,128,SAMSUNG,6.5,64.0,32.0
79999,Full HD+,Android 14,Exynos,5,4000,8,256,SAMSUNG,6.2,50.0,12.0
15999,HD+,Android 13,Exynos,5,5000,6,128,SAMSUNG,6.6,50.0,13.0
164999,other,Android 13,Snapdragon,5,4400,12,512,SAMSUNG,6.2,50.0,
22499,Full HD+,Android 14,Mediatek,5,5000,8,256,SAMSUNG,6.5,50.0,13.0
59999,Full HD+,Android 13,Exynos,5,4500,8,256,SAMSUNG,6.4,50.0,10.0
22999,Full HD+,Android 12,Snapdragon,5,5000,8,128,SAMSUNG,6.6,50.0,8.0
30999,Full HD+,Android 12,Exynos,5,5000,8,256,SAMSUNG,6.5,64.0,32.0
7490,Full HD+,Android 10,Snapdragon,4,5000,3,32,SAMSUNG,6.5,13.0,5.0
64999,Full HD+,Android 13,Snapdragon,5,3900,8,128,SAMSUNG,6.1,50.0,12.0
22990,Full HD+,Android 12,Exynos,5,5000,8,128,SAMSUNG,6.4,48.0,13.0
129999,other,Android 14,Snapdragon,5,5000,12,256,SAMSUNG,6.8,200.0,12.0
26988,Full HD+,Android 10,Exynos,4,4500,8,128,SAMSUNG,6.5,12.0,32.0
22499,Full HD+,Android 14,Mediatek,5,5000,8,256,SAMSUNG,6.5,50.0,13.0
11299,HD+,Android 13,Mediatek,4,5000,6,128,SAMSUNG,6.74,50.0,8.0
24499,Full HD+,Android 13,Mediatek,5,5000,8,128,SAMSUNG,6.6,48.0,13.0
8990,HD+,Android 13,Mediatek,4,5000,4,64,SAMSUNG,6.74,50.0,8.0
13499,HD+,Android 13,Exynos,5,5000,4,64,SAMSUNG,6.6,50.0,13.0
26499,Full HD+,Android 13,Mediatek,5,5000,8,256,SAMSUNG,6.6,48.0,13.0
139999,other,Android 14,Snapdragon,5,5000,12,512,SAMSUNG,6.8,200.0,12.0
14599,Full HD+,Android 10,Exynos,4,6000,6,64,SAMSUNG,6.4,64.0,32.0
54999,Full HD+,Android 13,Exynos,5,4500,8,128,SAMSUNG,6.4,50.0,10.0
19999,Full HD+,Android 11,Mediatek,5,5000,8,128,SAMSUNG,6.6,64.0,8.0
16990,Full HD+,Android 10,Exynos,4,6000,6,64,SAMSUNG,6.4,64.0,32.0
99999,other,Android 13,Snapdragon,5,5000,12,256,SAMSUNG,6.8,200.0,12.0
10499,HD+,Android 11,Mediatek,4,6000,4,64,SAMSUNG,6.4,48.0,13.0
18499,Full HD+,Android 12,Snapdragon,5,5000,6,128,SAMSUNG,6.6,50.0,8.0
18499,Full HD+,Android 12,Snapdragon,5,5000,6,128,SAMSUNG,6.6,50.0,8.0
19499,Full HD+,Android 14,Mediatek,5,5000,8,128,SAMSUNG,6.5,50.0,13.0
37499,Full HD+,Android 13,Exynos,5,5000,8,256,SAMSUNG,6.4,50.0,32.0
33999,Full HD+,Android 13,Snapdragon,5,4500,8,256,Samsung,6.4,12.0,32.0
19990,Full HD+,Android 12,Exynos,4,5000,8,128,SAMSUNG,6.6,50.0,8.0
45999,Full HD+,Android 11,Snapdragon,5,3300,8,128,SAMSUNG,6.7,12.0,10.0
54999,Full HD+,Android 13,Exynos,5,4500,8,128,SAMSUNG,6.4,50.0,10.0
54999,Full HD+,Android 13,Exynos,5,4500,8,128,SAMSUNG,6.4,50.0,10.0
119999,other,Android 13,Snapdragon,5,5000,12,512,SAMSUNG,6.8,200.0,12.0
26999,Full HD+,Android 14,Exynos,5,5000,8,128,SAMSUNG,6.5,50.0,13.0
35499,Full HD+,Android 13,Exynos,5,5000,8,128,SAMSUNG,6.4,50.0,32.0
17999,HD+,Android 13,Exynos,5,5000,8,128,SAMSUNG,6.6,50.0,13.0
154999,other,Android 13,Snapdragon,5,4400,12,256,SAMSUNG,6.2,50.0,
12999,Full HD+,Android 13,Exynos,4,5000,4,64,SAMSUNG,6.6,50.0,13.0
35499,Full HD+,Android 13,Exynos,5,5000,8,128,SAMSUNG,6.4,50.0,32.0
99999,other,Android 13,Snapdragon,5,5000,12,256,SAMSUNG,6.8,200.0,12.0
13999,Full HD+,Android 12,Exynos,4,5000,4,128,SAMSUNG,6.6,50.0,8.0
25490,Full HD+,Android 12,Exynos,5,5000,6,128,SAMSUNG,6.5,64.0,32.0
139999,other,Android 14,Snapdragon,5,5000,12,512,SAMSUNG,6.8,200.0,12.0
129999,other,Android 14,Snapdragon,5,5000,12,256,SAMSUNG,6.8,200.0,12.0
20999,Full HD+,Android 12,Snapdragon,5,5000,6,128,SAMSUNG,6.6,50.0,8.0
7899,HD+,Android 11,Mediatek,4,5000,3,32,SAMSUNG,6.5,13.0,5.0
39990,other,Android 10,Exynos,4,4500,8,128,SAMSUNG,6.7,64.0,10.0
12999,Full HD+,Android 13,Exynos,4,5000,4,64,SAMSUNG,6.6,50.0,13.0
26999,Full HD+,Android 14,Exynos,5,5000,8,128,SAMSUNG,6.5,50.0,13.0
27990,Full HD+,Android 10,Exynos,4,4500,8,128,SAMSUNG,6.5,12.0,32.0
18499,Full HD+,Android 12,Snapdragon,5,5000,6,128,SAMSUNG,6.6,50.0,8.0
49990,Full HD+,Android 12,Snapdragon,5,5000,8,128,SAMSUNG,6.7,108.0,32.0
24980,Full HD+,Android 12,Exynos,5,5000,6,128,SAMSUNG,6.4,48.0,13.0
18999,Full HD+,Android 13,Exynos,5,5000,8,128,SAMSUNG,6.6,50.0,13.0
37499,Full HD+,Android 13,Exynos,5,5000,8,256,SAMSUNG,6.4,50.0,32.0
26999,Full HD+,Android 14,Exynos,5,5000,8,128,SAMSUNG,6.5,50.0,13.0
16499,HD+,Android 11,Mediatek,5,5000,6,128,SAMSUNG,6.5,48.0,13.0
99999,other,Android 13,Snapdragon,5,3700,8,256,SAMSUNG,6.7,12.0,10.0
12999,Full HD+,Android 13,Exynos,4,5000,4,64,SAMSUNG,6.6,50.0,13.0
22999,Full HD+,Android 12,Snapdragon,5,5000,8,128,SAMSUNG,6.6,50.0,8.0
25990,Full HD+,Android 12,Exynos,5,5000,8,128,SAMSUNG,6.5,64.0,32.0
37499,Full HD+,Android 13,Exynos,5,5000,8,256,SAMSUNG,6.4,50.0,32.0
154999,other,Android 13,Snapdragon,5,4400,12,256,SAMSUNG,6.2,50.0,
37499,Full HD+,Android 13,Exynos,5,5000,8,256,SAMSUNG,6.4,50.0,32.0
12999,Full HD+,Android 13,Exynos,4,5000,4,64,SAMSUNG,6.6,50.0,13.0
164999,other,Android 13,Snapdragon,5,4400,12,512,SAMSUNG,6.2,50.0,
139999,other,Android 14,Snapdragon,5,5000,12,512,SAMSUNG,6.8,200.0,12.0
154999,other,Android 13,Snapdragon,5,4400,12,256,SAMSUNG,6.2,50.0,
13499,Full HD+,Android 13,Snapdragon,4,5000,6,128,SAMSUNG,6.72,50.0,13.0
9899,HD+,Android 13,Mediatek,4,5000,4,64,SAMSUNG,6.7,50.0,8.0
124999,Full HD+,Android 12,Snapdragon,5,4400,12,512,SAMSUNG,7.6,50.0,10.0
26999,Full HD+,Android 14,Exynos,5,5000,8,128,SAMSUNG,6.5,50.0,13.0
12890,HD+,Android 12,Exynos,4,5000,4,64,SAMSUNG,6.5,50.0,5.0
33999,Full HD+,Android 13,Snapdragon,5,4500,8,256,Samsung,6.4,12.0,32.0
109999,other,Android 13,Snapdragon,5,3700,8,512,SAMSUNG,6.7,12.0,10.0
9899,Full HD+,Android 13,Mediatek,4,5000,4,64,SAMSUNG,6.7,50.0,8.0
109999,other,Android 13,Snapdragon,5,3700,8,512,SAMSUNG,6.7,12.0,10.0
19999,HD+,Android 10,Exynos,4,5000,6,64,SAMSUNG,6.5,48.0,13.0
13499,Full HD+,Android 13,Snapdragon,4,5000,6,128,SAMSUNG,6.7,50.0,13.0
89999,Full HD+,Android 14,Exynos,5,4000,8,512,SAMSUNG,6.2,50.0,12.0
89999,Full HD+,Android 14,Exynos,5,4000,8,512,SAMSUNG,6.2,50.0,12.0
13499,HD+,Android 13,Exynos,5,5000,4,64,SAMSUNG,6.6,50.0,13.0
139999,other,Android 14,Snapdragon,5,5000,12,512,SAMSUNG,6.8,200.0,12.0
11599,Full HD,other,Exynos,4,3300,3,64,SAMSUNG,5.5,13.0,8.0
11290,HD+,Android 13,Mediatek,4,5000,6,128,SAMSUNG,6.74,50.0,8.0
164999,other,Android 13,Snapdragon,5,4400,12,512,SAMSUNG,6.2,50.0,
30500,Full HD+,other,Snapdragon,4,4500,8,128,SAMSUNG,6.7,64.0,32.0
48500,Full HD+,Android 12,Snapdragon,5,5000,8,256,SAMSUNG,6.7,108.0,32.0
11299,HD+,Android 11,Exynos,4,6000,4,128,SAMSUNG,6.515,48.0,8.0
54999,Full HD+,Android 13,Exynos,5,4500,8,128,SAMSUNG,6.4,50.0,10.0
29999,Full HD+,Android 14,Exynos,5,5000,8,256,SAMSUNG,6.5,50.0,13.0
29999,Full HD+,Android 14,Exynos,5,5000,8,256,SAMSUNG,6.5,50.0,13.0
19999,Full HD+,Android 11,Mediatek,5,5000,8,128,SAMSUNG,6.6,64.0,8.0
12489,HD+,Android 10,Exynos,4,5000,6,64,SAMSUNG,6.5,48.0,13.0
99999,other,Android 14,Exynos,5,4900,12,256,SAMSUNG,6.7,50.0,12.0
11690,Full HD+,Android 13,Snapdragon,4,5000,4,128,SAMSUNG,6.72,50.0,13.0
109999,other,Android 14,Exynos,5,4900,12,512,SAMSUNG,6.7,50.0,12.0
119999,other,Android 13,Snapdragon,5,5000,12,512,SAMSUNG,6.8,200.0,12.0
99999,other,Android 13,Snapdragon,5,3700,8,256,SAMSUNG,6.7,12.0,10.0
14999,Full HD+,Android 13,Mediatek,5,5000,8,128,vivo,6.58,50.0,8.0
11999,Full HD+,Android 13,Mediatek,5,5000,4,128,vivo,6.58,50.0,8.0
12999,Full HD+,Android 13,Mediatek,5,5000,6,128,vivo,6.58,50.0,8.0
12999,Full HD+,Android 13,Mediatek,5,5000,6,128,vivo,6.58,50.0,8.0
11999,Full HD+,Android 13,Mediatek,5,5000,4,128,vivo,6.58,50.0,8.0
14999,Full HD+,Android 13,Mediatek,5,5000,8,128,vivo,6.58,50.0,8.0
14999,Full HD+,Android 13,Mediatek,5,5000,8,128,vivo,6.58,50.0,8.0
17999,Full HD+,Android 13,Snapdragon,5,4500,8,128,vivo,6.38,64.0,16.0
11999,Full HD+,Android 13,Mediatek,5,5000,4,128,vivo,6.58,50.0,8.0
14999,Full HD+,Android 13,Mediatek,5,5000,8,128,vivo,6.58,50.0,8.0
12999,Full HD+,Android 13,Mediatek,5,5000,6,128,vivo,6.58,50.0,8.0
15999,Full HD+,Android 13,Snapdragon,5,4500,6,128,vivo,6.38,64.0,16.0
15999,Full HD+,Android 13,Snapdragon,5,4500,6,128,vivo,6.38,64.0,16.0
24999,Full HD+,Android 13,Mediatek,5,4600,8,256,vivo,6.78,64.0,16.0
23999,Full HD+,Android 13,Mediatek,5,4600,8,128,vivo,6.78,64.0,16.0
24999,Full HD+,Android 13,Mediatek,5,4600,8,256,vivo,6.78,64.0,16.0
13999,Full HD+,Android 13,Mediatek,5,5000,4,128,vivo,6.58,50.0,8.0
11999,Full HD+,Android 13,Mediatek,4,5000,6,128,vivo,6.64,50.0,8.0
11905,Full HD+,Android 13,Mediatek,4,5000,6,128,vivo,6.64,50.0,8.0
11628,Full HD+,Android 13,Mediatek,4,5000,6,128,vivo,6.64,50.0,8.0
9490,HD+,Android 13,Mediatek,4,5000,4,64,vivo,6.51,8.0,5.0
9618,HD+,Android 12,Mediatek,4,5000,4,64,vivo,6.51,13.0,5.0
27999,Full HD+,Android 13,Snapdragon,5,5000,8,256,vivo,6.78,64.0,50.0
25999,Full HD+,Android 13,Snapdragon,5,5000,8,128,vivo,6.78,64.0,50.0
11499,HD+,Android 13,Mediatek,4,5000,4,128,vivo,6.56,50.0,8.0
10499,HD+,Android 13,Mediatek,4,5000,4,64,vivo,6.56,50.0,8.0
11499,HD+,Android 13,Mediatek,4,5000,4,128,vivo,6.56,50.0,8.0
10490,HD+,Android 12,Mediatek,4,5000,3,32,vivo,6.51,13.0,5.0
9930,HD+,Android 12,Mediatek,4,5000,3,64,vivo,6.51,13.0,5.0
23999,Full HD+,Android 13,Snapdragon,5,4800,8,256,vivo,6.67,64.0,16.0
9999,HD+,Android 12,Mediatek,4,5000,4,128,vivo,6.51,13.0,5.0
16999,HD+,Android 12,Mediatek,4,5000,4,128,vivo,6.51,13.0,5.0
10999,HD+,Android 12,Mediatek,4,5000,3,64,vivo,6.51,13.0,5.0
10499,HD+,Android 13,Mediatek,4,5000,4,64,vivo,6.56,50.0,8.0
16557,Full HD+,Android 13,Mediatek,5,5000,8,128,vivo,6.58,50.0,16.0
9887,HD+,Android 12,Mediatek,4,5000,3,32,vivo,6.51,13.0,5.0
32999,Full HD+ AMOLED Display,Android 13,Snapdragon,5,4600,8,128,vivo,6.78,50.0,50.0
32999,Full HD+ AMOLED Display,Android 13,Snapdragon,5,4600,8,128,vivo,6.78,50.0,50.0
23999,Full HD+,Android 13,Snapdragon,5,4800,8,256,vivo,6.67,64.0,16.0
15499,other,Android 13,Mediatek,5,5000,6,128,vivo,6.56,50.0,8.0
32999,Full HD+ AMOLED Display,Android 13,Snapdragon,5,4600,8,128,vivo,6.78,50.0,50.0
36999,Full HD+ AMOLED Display,Android 13,Snapdragon,5,4600,12,256,vivo,6.78,50.0,50.0
36999,Full HD+ AMOLED Display,Android 13,Snapdragon,5,4600,12,256,vivo,6.78,50.0,50.0
15499,other,Android 13,Mediatek,5,5000,6,128,vivo,6.56,50.0,8.0
16999,other,Android 13,Mediatek,5,5000,8,128,vivo,6.56,50.0,8.0
13999,other,Android 13,Mediatek,5,5000,4,128,vivo,6.56,50.0,8.0
16999,other,Android 13,Mediatek,5,5000,8,128,vivo,6.56,50.0,8.0
14999,Full HD+,Android 13,Snapdragon,4,5000,8,128,vivo,6.64,50.0,16.0
15999,Full HD+,Android 13,Mediatek,5,5000,4,128,vivo,6.58,50.0,16.0
36999,Full HD+ AMOLED Display,Android 13,Snapdragon,5,4600,12,256,vivo,6.78,50.0,50.0
17999,Full HD+,Android 13,Mediatek,5,5000,8,128,vivo,6.58,50.0,16.0
8499,HD+,Android 12,Mediatek,4,5000,3,32,vivo,6.51,8.0,5.0
13999,other,Android 13,Mediatek,5,5000,4,128,vivo,6.56,50.0,8.0
63999,Full HD+,Android 14,Mediatek,5,5000,12,256,vivo,6.78,50.0,32.0
63999,Full HD+,Android 14,Mediatek,5,5000,12,256,vivo,6.78,50.0,32.0
69999,Full HD+,Android 14,Mediatek,5,5000,16,512,vivo,6.78,50.0,32.0
39999,Full HD+ AMOLED Display,Android 13,Mediatek,5,4600,8,256,vivo,6.78,50.0,50.0
42999,Full HD+ AMOLED Display,Android 13,Mediatek,5,4600,12,256,vivo,6.78,50.0,50.0
69999,Full HD+,Android 14,Mediatek,5,5000,16,512,vivo,6.78,50.0,32.0
21999,Full HD+,Android 13,Snapdragon,5,4800,8,128,vivo,6.67,64.0,16.0
39999,Full HD+ AMOLED Display,Android 13,Mediatek,5,4600,8,256,vivo,6.78,50.0,50.0
20999,Full HD+,Android 14,Snapdragon,5,5000,8,128,vivo,6.67,50.0,16.0
20999,Full HD+,Android 14,Snapdragon,5,5000,8,128,vivo,6.67,50.0,16.0
21999,Full HD+,Android 13,Snapdragon,5,4800,8,128,vivo,6.67,64.0,16.0
23345,Full HD+ AMOLED Display,Android 13,Snapdragon,5,4800,8,256,vivo,6.67,64.0,16.0
31490,Full HD+ AMOLED Display,Android 13,Mediatek,5,4600,8,128,vivo,6.78,50.0,50.0
36999,Full HD+ AMOLED Display,Android 13,Mediatek,5,4600,12,256,vivo,6.78,50.0,50.0
14999,Full HD+,Android 13,Snapdragon,4,5000,8,128,vivo,6.64,50.0,16.0
8288,HD+,Android 11,Mediatek,4,5000,2,32,vivo,6.51,8.0,5.0
89999,Full HD+,Android 14,Mediatek,5,5400,16,512,vivo,6.78,50.0,32.0
15999,Full HD+ AMOLED Display,Android 12,Snapdragon,4,5000,6,128,vivo,6.44,50.0,16.0
14499,Full HD+ AMOLED Display,Android 12,Snapdragon,4,5000,4,128,vivo,6.44,50.0,16.0
16999,Full HD+,Android 11,Snapdragon,4,5000,8,128,vivo,6.58,50.0,16.0
14499,Full HD+ AMOLED Display,Android 12,Snapdragon,4,5000,4,128,vivo,6.44,50.0,16.0
19999,Full HD+,Android 14,Snapdragon,5,5000,6,128,vivo,6.67,50.0,16.0
19999,Full HD+,Android 14,Snapdragon,5,5000,6,128,vivo,6.67,50.0,16.0
16999,Full HD+,Android 11,Snapdragon,4,5000,8,128,vivo,6.58,50.0,16.0
15090,Full HD+,Android 13,Mediatek,5,5000,4,128,vivo,6.58,50.0,16.0
19990,Full HD+ AMOLED Display,Android 12,Mediatek,4,4050,8,128,vivo,6.44,50.0,44.0
27999,Full HD+,Android 12,Mediatek,5,4500,8,128,vivo,6.44,64.0,50.0
13999,HD+,Android 11,Mediatek,4,5000,4,64,vivo,6.51,13.0,8.0
13900,Full HD+,Android 11,Mediatek,4,5000,8,128,vivo,6.58,50.0,16.0
18290,Full HD+,Android 11,Mediatek,4,4000,8,128,vivo,6.44,64.0,16.0
15000,Full HD+,Android 11,Mediatek,4,5000,8,128,vivo,6.58,50.0,16.0
16999,Full HD+,Android 12,Snapdragon,4,5000,8,128,vivo,6.58,50.0,16.0
9999,HD+,Android 12,Mediatek,4,5000,3,64,vivo,6.51,13.0,8.0
18890,Full HD+,Android 11,Mediatek,4,4000,8,128,vivo,6.44,64.0,16.0
14500,Full HD+,Android 12,Snapdragon,4,5000,4,128,vivo,6.58,50.0,8.0
45989,Full HD+ AMOLED Display,Android 13,Mediatek,5,4600,12,256,vivo,6.78,50.0,50.0
38890,Full HD+,Android 13,Mediatek,5,4600,8,256,vivo,6.78,50.0,50.0
38990,Full HD+,Android 13,Mediatek,5,4600,12,256,vivo,6.78,50.0,50.0
34490,Full HD+,Android 13,Mediatek,5,4600,8,128,vivo,6.78,50.0,50.0
12989,Full HD+,Android 12,Snapdragon,4,5000,4,128,vivo,6.58,50.0,8.0
8974,HD+,Android 12,Mediatek,4,5000,3,32,vivo,6.51,13.0,8.0
17999,Full HD+ AMOLED Display,Android 12,Snapdragon,4,5000,8,128,vivo,6.44,50.0,16.0
36990,Full HD+,Android 13,Mediatek,5,4600,8,256,vivo,6.78,50.0,50.0
34490,Full HD+,Android 13,Mediatek,5,4600,8,128,vivo,6.78,50.0,50.0
22990,Full HD+,Android 10,Snapdragon,4,4100,8,128,vivo,6.44,48.0,32.0
15490,Full HD+,Android 11,Mediatek,4,5000,8,128,vivo,6.58,64.0,16.0
21999,Full HD+,Android 13,Snapdragon,5,4500,8,128,vivo,6.38,64.0,16.0
23999,Full HD+,Android 13,Snapdragon,5,4500,8,256,vivo,6.38,64.0,16.0
36990,Full HD+,Android 13,Mediatek,5,4600,8,256,vivo,6.78,50.0,50.0
13000,Full HD+,Android 12,Snapdragon,4,5000,6,128,vivo,6.58,50.0,8.0
38890,Full HD+,Android 13,Mediatek,5,4600,8,256,vivo,6.78,50.0,50.0
12999,Full HD+,Android 12,Snapdragon,4,5000,4,128,vivo,6.58,50.0,8.0
11999,Full HD+,Android 12,Snapdragon,4,5000,4,64,vivo,6.58,50.0,8.0
39990,Full HD+,Android 12,Mediatek,5,4300,12,256,vivo,6.56,108.0,
13990,HD+,Android 11,Mediatek,4,5000,4,64,vivo,6.51,13.0,
34990,Full HD+,Android 12,Mediatek,5,4300,8,128,vivo,6.56,108.0,
34990,Full HD+,Android 12,Mediatek,5,4300,8,128,vivo,6.56,108.0,
25990,Full HD+,Android 12,Mediatek,5,4200,8,128,vivo,6.44,64.0,
15200,Full HD+,Android 11,Snapdragon,4,5000,4,128,vivo,6.58,50.0,8.0
13298,HD+,Android 12,Mediatek,4,5000,6,128,vivo,6.55,50.0,8.0
14499,HD+,Android 12,Mediatek,4,5000,4,64,vivo,6.55,50.0,8.0
23999,Full HD+ AMOLED Display,Android 12,Snapdragon,5,4700,6,128,vivo,6.44,64.0,16.0
49990,Full HD+,Android 13,Mediatek,5,4810,12,256,vivo,6.78,50.0,32.0
23999,Full HD+ AMOLED Display,Android 12,Snapdragon,5,4700,6,128,vivo,6.44,64.0,16.0
34990,Full HD+,Android 12,Mediatek,5,4200,12,256,vivo,6.44,64.0,
27999,Full HD+,Android 12,Mediatek,5,4500,8,128,vivo,6.44,64.0,50.0
50390,Full HD+,Android 13,Mediatek,5,4810,12,256,vivo,6.78,50.0,32.0
11180,HD+,Android 12,Mediatek,4,5000,3,32,vivo,6.51,13.0,8.0
38490,Full HD+ AMOLED Display,Android 13,Mediatek,5,4600,12,256,vivo,6.78,50.0,50.0
13990,HD+,Android 11,Mediatek,4,5000,4,64,vivo,6.51,13.0,
27999,Full HD+,Android 12,Mediatek,5,4500,8,128,vivo,6.44,64.0,50.0
23999,Full HD+ AMOLED Display,Android 12,Snapdragon,5,4700,6,128,vivo,6.44,64.0,16.0
39990,Full HD+,Android 12,Mediatek,5,4300,12,256,vivo,6.56,108.0,
36999,Full HD+ AMOLED Display,Android 13,Mediatek,5,4600,8,128,vivo,6.78,50.0,50.0
21990,Full HD+,Android 11,Mediatek,5,4000,8,128,vivo,6.44,64.0,32.0
34990,Full HD+,Android 12,Mediatek,5,4300,8,128,vivo,6.56,108.0,
12999,Full HD+,Android 12,Snapdragon,4,5000,4,128,vivo,6.58,50.0,8.0
8650,HD+,Android 11,Mediatek,4,5000,2,32,vivo,6.51,8.0,5.0
13990,Full HD+,Android 11,Snapdragon,4,5000,4,128,vivo,6.58,50.0,8.0
22555,Full HD+ AMOLED Display,Android 12,Snapdragon,5,4700,8,128,vivo,6.44,64.0,16.0
21490,Full HD+,Android 11,Mediatek,5,4000,8,128,vivo,6.44,64.0,32.0
22899,Full HD+ AMOLED Display,Android 13,Mediatek,5,4500,8,128,vivo,6.38,64.0,16.0
21490,Full HD+ AMOLED Display,Android 13,Mediatek,5,4500,8,128,vivo,6.38,64.0,16.0
54999,Full HD+,Android 12,Mediatek,5,4500,8,128,vivo,6.78,50.0,32.0
48500,Full HD+,Android 13,Mediatek,5,4810,8,256,vivo,6.78,50.0,32.0
59999,other,Android 12,Snapdragon,5,4700,12,256,vivo,6.78,50.0,32.0
59490,Full HD+,Android 13,Mediatek,5,4870,12,256,vivo,6.78,50.0,32.0
29999,Full HD+ AMOLED Display,Android 12,Mediatek,5,4050,8,128,vivo,6.44,50.0,44.0
15200,Full HD+,Android 11,Snapdragon,4,5000,4,128,vivo,6.58,50.0,8.0
42990,Full HD+,Android 12,Mediatek,5,4300,12,256,vivo,6.56,108.0,
35999,Full HD+,Android 12,Mediatek,5,4830,8,128,vivo,6.56,64.0,32.0
39999,Full HD+,Android 12,Mediatek,5,4830,12,256,vivo,6.56,64.0,32.0
21479,Full HD+ AMOLED Display,Android 12,Snapdragon,5,4700,8,128,vivo,6.44,64.0,16.0
16998,Full HD+,Android 12,Snapdragon,4,5000,8,128,vivo,6.58,50.0,16.0
14498,Full HD+,Android 12,Snapdragon,4,5000,4,64,vivo,6.58,50.0,8.0
28990,Full HD+ AMOLED Display,Android 12,Mediatek,5,4050,8,128,vivo,6.44,50.0,44.0
24990,Full HD+,other,Snapdragon,4,4500,8,128,vivo,6.38,48.0,32.0
12498,Full HD+,Android 12,Snapdragon,4,5000,6,128,vivo,6.58,50.0,8.0
35999,Full HD+,Android 12,Mediatek,5,4830,8,128,vivo,6.56,64.0,32.0
19990,Full HD+,other,Snapdragon,4,3200,6,128,vivo,6.28,12.0,12.0
21999,Full HD+ AMOLED Display,Android 13,Snapdragon,5,4500,8,128,vivo,6.38,64.0,16.0
34990,Full HD+,Android 11,Snapdragon,5,4300,8,128,vivo,6.56,48.0,32.0
25990,other,Android 10,Snapdragon,4,4200,8,256,vivo,6.56,48.0,32.0
46990,Full HD+,Android 11,Snapdragon,5,4300,12,256,vivo,6.56,48.0,32.0
11490,HD+,Android 10,Snapdragon,4,5000,3,64,vivo,6.51,13.0,8.0
13480,HD+,Android 11,Mediatek,4,5000,4,64,vivo,6.51,13.0,8.0
30990,Full HD+,Android 10,Snapdragon,4,4500,8,128,vivo,6.44,48.0,
11990,HD+,Android 11,Snapdragon,4,5000,3,64,vivo,6.51,13.0,8.0
14999,HD+,Android 10,Snapdragon,4,5000,3,64,vivo,6.51,13.0,8.0
44990,other,Android 10,Snapdragon,4,4200,8,256,vivo,6.56,48.0,32.0
9990,HD+,other,Snapdragon,4,5000,3,32,vivo,6.35,13.0,8.0
27199,Full HD+,Android 13,Snapdragon,5,4500,8,256,vivo,6.38,64.0,16.0
27990,Full HD+,other,Snapdragon,4,4500,8,128,vivo,6.44,48.0,32.0
9990,HD+,other,Mediatek,4,4030,2,32,vivo,6.22,13.0,5.0
24999,Full HD+ AMOLED Display,Android 13,Mediatek,5,4500,8,128,vivo,6.38,64.0,16.0
9990,HD+,Android 11,Snapdragon,4,5000,3,32,vivo,6.51,13.0,8.0
16490,Full HD+,Android 11,Snapdragon,4,5000,6,128,vivo,6.58,48.0,16.0
9990,HD+,Android 11,Snapdragon,4,5000,3,32,vivo,6.51,13.0,8.0
14990,HD+,Android 11,Mediatek,4,5000,6,128,vivo,6.51,13.0,8.0
16999,HD+,Android 10,Snapdragon,4,5000,6,64,vivo,6.51,13.0,8.0
10990,HD+,Android 11,Snapdragon,4,5000,3,64,vivo,6.51,13.0,8.0
24990,Full HD+,other,Mediatek,4,3315,6,64,vivo,6.3,16.0,25.0
14990,HD,other,Mediatek,4,3000,3,32,vivo,5.5,13.0,16.0
8799,HD+,Android 13,Mediatek,4,5000,6,128,REDMI,6.74,50.0,8.0
6599,HD+,Android 13,Mediatek,4,5000,4,64,REDMI,6.52,8.0,5.0
5299,HD+,Android 13,Mediatek,4,5000,2,64,REDMI,6.52,8.0,5.0
5299,HD+,Android 13,Mediatek,4,5000,2,64,REDMI,6.52,8.0,5.0
8799,HD+,Android 13,Mediatek,4,5000,6,128,REDMI,6.74,50.0,8.0
5299,HD+,Android 13,Mediatek,4,5000,2,64,REDMI,6.52,8.0,5.0
7999,HD+,Android 13,Mediatek,4,5000,4,128,REDMI,6.74,50.0,8.0
7999,HD+,Android 13,Mediatek,4,5000,4,128,REDMI,6.74,50.0,8.0
7999,HD+,Android 13,Mediatek,4,5000,4,128,REDMI,6.74,50.0,8.0
14999,Full HD+,Android 13,Snapdragon,5,5000,8,256,REDMI,6.79,50.0,8.0
10499,Full HD+,Android 13,Mediatek,4,5000,6,128,REDMI,6.79,50.0,8.0
13499,Full HD+,Android 13,Snapdragon,5,5000,6,128,REDMI,6.79,50.0,8.0
14999,Full HD+,Android 13,Snapdragon,5,5000,8,256,REDMI,6.79,50.0,8.0
13499,Full HD+,Android 13,Snapdragon,5,5000,6,128,REDMI,6.79,50.0,8.0
10499,Full HD+,Android 13,Mediatek,4,5000,6,128,REDMI,6.79,50.0,8.0
10499,Full HD+,Android 13,Mediatek,4,5000,6,128,REDMI,6.79,50.0,8.0
13499,Full HD+,Android 13,Snapdragon,5,5000,6,128,REDMI,6.79,50.0,8.0
16825,Full HD+,Android 13,Mediatek,5,5000,6,128,REDMI,6.67,108.0,
7299,HD+,Android 14,Mediatek,4,5000,3,64,REDMI,6.71,8.0,5.0
19876,Full HD+,Android 13,Mediatek,5,5000,8,256,REDMI,6.67,108.0,
8999,Full HD+,Android 12,Mediatek,4,5000,6,128,REDMI,6.58,50.0,8.0
10999,other,Android 13,Snapdragon,4,5000,6,64,REDMI,6.67,50.0,13.0
12999,other,Android 13,Snapdragon,4,5000,6,128,REDMI,6.67,50.0,13.0
10999,other,Android 13,Snapdragon,4,5000,6,64,REDMI,6.67,50.0,13.0
7299,HD+,Android 14,Mediatek,4,5000,3,64,REDMI,6.71,8.0,5.0
12999,other,Android 13,Snapdragon,4,5000,6,128,REDMI,6.67,50.0,13.0
11499,HD+,Android 13,Mediatek,4,5000,8,256,REDMI,6.74,50.0,8.0
9480,HD+,Android 12,Mediatek,4,5000,6,128,REDMI,6.71,50.0,5.0
9299,HD+,Android 14,Mediatek,4,5000,6,128,REDMI,6.71,8.0,5.0
9299,HD+,Android 14,Mediatek,4,5000,6,128,REDMI,6.71,8.0,5.0
5690,HD+,Android 13,Mediatek,4,5000,2,32,REDMI,6.52,8.0,5.0
9990,HD+,Android 12,Mediatek,4,5000,4,128,REDMI,6.71,50.0,5.0
8299,HD+,Android 14,Mediatek,4,5000,4,128,REDMI,6.71,8.0,5.0
15499,Full HD+ AMOLED Display,Android 12,Snapdragon,5,5000,4,128,REDMI,6.67,48.0,13.0
7299,HD+,Android 14,Mediatek,4,5000,3,64,REDMI,6.71,8.0,5.0
9299,HD+,Android 14,Mediatek,4,5000,6,128,REDMI,6.71,8.0,5.0
8999,Full HD+,Android 12,Mediatek,4,5000,6,128,REDMI,6.58,50.0,8.0
18999,Full HD+ AMOLED Display,Android 12,Snapdragon,5,5000,8,256,REDMI,6.67,48.0,13.0
18999,Full HD+ AMOLED Display,Android 12,Snapdragon,5,5000,8,256,REDMI,6.67,48.0,13.0
7795,HD+,Android 13,Mediatek,4,5000,4,128,REDMI,6.52,8.0,
16999,Full HD+ AMOLED Display,Android 12,Snapdragon,5,5000,6,128,REDMI,6.67,48.0,13.0
8499,HD+,Android 12,Mediatek,4,5000,4,64,REDMI,6.71,50.0,5.0
7799,HD+,Android 13,Mediatek,4,5000,4,128,REDMI,6.52,8.0,
8499,HD+,Android 12,Mediatek,4,5000,4,64,REDMI,6.71,50.0,5.0
13499,Full HD,Android 13,Snapdragon,5,5000,4,128,REDMI,6.79,50.0,
9378,HD+,Android 12,Mediatek,4,5000,6,128,REDMI,6.71,50.0,5.0
8848,HD+,Android 12,Mediatek,4,5000,6,128,REDMI,6.71,50.0,5.0
21999,Full HD+ AMOLED Display,Android 12,Mediatek,5,5000,6,128,REDMI,6.67,50.0,16.0
13808,Full HD+,Android 11,Snapdragon,4,4250,6,128,Mi,6.55,64.0,16.0
9499,Full HD+,Android 13,Mediatek,4,5000,4,128,REDMI,6.79,50.0,8.0
15998,other,Android 11,Mediatek,4,5000,6,128,REDMI,6.43,64.0,13.0
13999,Full HD+,Android 10,Snapdragon,4,6000,4,64,REDMI,6.53,48.0,8.0
8299,HD+,Android 14,Mediatek,4,5000,4,128,REDMI,6.71,8.0,5.0
17490,other,Android 11,Snapdragon,4,5020,6,128,REDMI,6.67,64.0,16.0
10999,other,Android 13,Snapdragon,4,5000,6,64,REDMI,6.67,50.0,13.0
9990,HD+,Android 12,Mediatek,4,5000,4,128,REDMI,6.71,50.0,5.0
9499,Full HD+,Android 13,Mediatek,4,5000,4,128,REDMI,6.79,50.0,8.0
13999,Full HD+,Android 10,Snapdragon,4,6000,4,64,REDMI,6.53,48.0,8.0
10999,other,Android 13,Snapdragon,4,5000,6,64,REDMI,6.67,50.0,13.0
21999,Full HD+ AMOLED Display,Android 12,Mediatek,5,5000,6,128,REDMI,6.67,50.0,16.0
13999,Full HD+,Android 10,Snapdragon,4,6000,4,64,REDMI,6.53,48.0,8.0
8684,HD+,Android 12,Mediatek,4,5000,4,128,REDMI,6.71,50.0,5.0
5839,HD+,other,Snapdragon,4,4000,2,32,Redmi,5.45,12.0,5.0
16999,Full HD+ AMOLED Display,Android 12,Snapdragon,5,5000,6,128,REDMI,6.67,48.0,13.0
8299,HD+,Android 14,Mediatek,4,5000,4,128,REDMI,6.71,8.0,5.0
8499,HD+,Android 12,Mediatek,4,5000,3,32,REDMI,6.52,8.0,5.0
24999,Full HD+,Android 12,Mediatek,5,5080,6,128,REDMI,6.6,64.0,16.0
16999,Full HD+ AMOLED Display,Android 12,Snapdragon,5,5000,6,128,REDMI,6.67,48.0,13.0
17490,other,Android 11,Snapdragon,4,5020,6,128,REDMI,6.67,64.0,16.0
5499,HD+,other,Snapdragon,4,4000,2,16,Redmi,5.45,12.0,5.0
22999,Full HD+ AMOLED Display,Android 11,Mediatek,5,5160,8,128,Xiaomi,6.67,108.0,16.0
16450,Full HD,Android 12,Snapdragon,5,5000,6,128,REDMI,6.67,48.0,13.0
16999,Full HD+ AMOLED Display,Android 12,Snapdragon,5,5000,6,128,REDMI,6.67,48.0,13.0
9299,HD+,Android 10,Mediatek,4,5000,4,128,REDMI,6.53,13.0,5.0
5999,HD,other,Snapdragon,4,3000,2,16,Redmi,5.0,13.0,5.0
11999,Full HD+,other,Snapdragon,4,4000,3,32,Redmi,6.3,48.0,13.0
14999,Full HD+,Android 11,Mediatek,4,5000,6,64,REDMI,6.43,64.0,13.0
13749,Full HD+,Android 11,Snapdragon,4,4250,6,128,Mi,6.55,64.0,16.0
15499,Full HD+ AMOLED Display,Android 12,Snapdragon,5,5000,4,128,REDMI,6.67,48.0,13.0
35999,Full HD+,Android 10,Snapdragon,5,5000,6,128,Mi,6.67,64.0,20.0
22999,Full HD+ AMOLED Display,Android 11,Mediatek,5,5160,8,128,Xiaomi,6.67,108.0,16.0
23999,Full HD+ AMOLED Display,Android 12,Mediatek,5,5000,8,256,REDMI,6.67,50.0,16.0
5690,HD+,Android 13,Mediatek,4,5000,2,32,REDMI,6.52,8.0,5.0
18499,other,Android 11,Mediatek,4,5000,8,128,REDMI,6.43,64.0,13.0
8777,HD+,Android 12,Mediatek,4,5000,4,128,REDMI,6.71,50.0,5.0
12379,Full HD+,Android 11,Snapdragon,4,5000,4,64,REDMI,6.43,48.0,13.0
24999,Full HD+ AMOLED Display,Android 11,Mediatek,5,5160,6,128,Xiaomi,6.67,108.0,16.0
7999,HD+,other,Snapdragon,4,5000,2,32,Redmi,6.22,12.0,8.0
18999,Full HD+ AMOLED Display,Android 12,Snapdragon,5,5000,8,256,REDMI,6.67,48.0,13.0
9499,Full HD+,Android 13,Mediatek,4,5000,4,128,REDMI,6.79,50.0,8.0
23999,Full HD+,Android 10,Snapdragon,5,5000,8,128,Mi,6.67,64.0,20.0
5839,HD+,other,Snapdragon,4,4000,2,32,Redmi,5.45,12.0,5.0
27999,Full HD+ AMOLED Display,Android 12,Mediatek,5,4980,8,256,REDMI,6.67,200.0,16.0
26899,Full HD+,Android 10,Snapdragon,5,5000,8,128,Mi,6.67,108.0,20.0
27999,Full HD+ AMOLED Display,Android 12,Mediatek,5,4980,8,256,REDMI,6.67,200.0,16.0
19999,other,Android 11,Snapdragon,4,5020,6,128,REDMI,6.67,64.0,16.0
27999,Full HD+ AMOLED Display,Android 12,Mediatek,5,4980,8,256,REDMI,6.67,200.0,16.0
23999,Full HD+ AMOLED Display,Android 12,Mediatek,5,5000,8,256,REDMI,6.67,50.0,16.0
8299,HD+,Android 14,Mediatek,4,5000,4,128,REDMI,6.71,8.0,5.0
25999,Full HD+ AMOLED Display,Android 12,Mediatek,5,5000,12,256,REDMI,6.67,50.0,16.0
25999,Full HD+ AMOLED Display,Android 12,Mediatek,5,5000,12,256,REDMI,6.67,50.0,16.0
9490,HD+,Android 12,Mediatek,4,5000,4,128,REDMI,6.71,50.0,5.0
7950,Full HD,other,Snapdragon,4,4100,3,32,Redmi,5.5,13.0,5.0
10999,HD+,Android 11,Snapdragon,4,6000,4,64,REDMI,6.7,50.0,5.0
11499,Full HD+,other,Snapdragon,4,3010,4,64,Mi,5.99,20.0,20.0
12999,HD+,Android 11,Snapdragon,4,6000,6,128,REDMI,6.7,50.0,5.0
18999,Full HD+,Android 10,Mediatek,4,5020,6,128,REDMI,6.53,48.0,13.0
16990,Full HD+,Android 11,Snapdragon,4,4250,8,128,Mi,6.55,64.0,16.0
23999,Full HD+,Android 11,Snapdragon,4,4250,8,128,Mi,6.55,64.0,16.0
7950,Full HD,other,Snapdragon,4,4100,3,32,Redmi,5.5,13.0,5.0
14999,other,Android 11,Mediatek,4,5000,6,64,REDMI,6.43,64.0,13.0
14290,Full HD+,Android 10,Mediatek,4,5020,4,128,REDMI,6.53,48.0,13.0
10999,HD+,Android 11,Snapdragon,4,6000,4,64,REDMI,6.7,50.0,5.0
24999,Full HD+ AMOLED Display,Android 11,Mediatek,5,5160,6,128,Xiaomi,6.67,108.0,16.0
8999,HD+,other,Mediatek,4,3000,3,32,Redmi,5.45,12.0,5.0
8190,HD+,Android 10,Mediatek,4,5000,3,32,Redmi,6.53,13.0,5.0
13999,Full HD,Android 11,Mediatek,4,6000,6,128,REDMI,6.5,50.0,8.0
10999,HD+,other,Snapdragon,4,5000,4,64,Redmi,6.22,12.0,8.0
26999,Full HD+ AMOLED Display,Android 11,Mediatek,5,4500,6,128,Xiaomi,6.67,108.0,16.0
10999,HD+,Android 10,Snapdragon,4,5000,4,64,Redmi,6.53,13.0,5.0
14999,Full HD+,Android 11,Mediatek,5,5000,4,64,REDMI,6.56,48.0,8.0
10990,HD+,Android 11,Mediatek,4,5000,6,128,REDMI,6.53,13.0,5.0
15990,other,Android 11,Mediatek,4,5000,6,128,REDMI,6.43,64.0,13.0
16888,Full HD+,Android 11,Mediatek,5,5000,6,128,REDMI,6.56,48.0,8.0
15990,Full HD+,Android 11,Mediatek,5,5000,6,128,REDMI,6.56,48.0,8.0
9999,HD+,other,Snapdragon,4,5000,3,64,Redmi,6.22,13.0,8.0
14999,Full HD+,Android 11,Mediatek,4,5000,6,64,REDMI,6.43,64.0,13.0
8999,HD+,Android 11,Mediatek,4,5000,4,64,REDMI,6.53,13.0,5.0
13999,Full HD+,other,Snapdragon,4,4000,4,64,Redmi,6.3,48.0,13.0
6690,HD,other,Mediatek,4,3000,2,32,Redmi,5.45,13.0,
47999,Full HD+,Android 10,Snapdragon,5,5000,8,128,Mi,6.67,108.0,20.0
24999,Full HD+,Android 12,Mediatek,5,5080,6,128,REDMI,6.6,64.0,16.0
10999,HD+,Android 11,Snapdragon,4,6000,4,64,REDMI,6.7,50.0,5.0
